"model","group","isco_main","N_reported","female_share_reported","syntax","overview","compression_pred","residual_from_compression","female_weight_sum","contribution","abs_contribution","abs_share","cum_abs_share_all","share_of_residual_net"
"Model1","small_cells_pooled",,312,,,,,,-0.135221042672096,-0.557741700456873,1.16563398589711,0.301876951128092,0.301876951128092,0.199622817660784
"Model1","ISCO",2221,33,1,68.7,42,60.4089163231727,-18.4089163231723,0.0394438870295964,-0.726119215788502,0.726119215788502,0.188051015730338,0.48992796685843,0.259887262678412
"Model1","ISCO",5221,69,0.318840579710145,35.34,45,36.2301384192491,8.76986158075127,-0.0293893396095144,-0.257740440325132,0.257740440325132,0.0667498539413989,0.556677820799829,0.0922485675370661
"Model1","ISCO",2341,56,0.821428571428572,76.49,61,66.0549798684833,-5.05497986848301,0.046292115934354,-0.234005714117641,0.234005714117641,0.0606030129346459,0.617280833734475,0.0837536084582212
"Model1","ISCO",3412,36,0.75,52.72,42,48.8268758284275,-6.82687582842715,0.0228177035454219,-0.155773628794457,0.155773628794457,0.0403423962372188,0.657623229971694,0.0557533544142788
"Model1","ISCO",2342,21,0.952380952380952,58.77,47,53.2118160657997,-6.21181606580063,0.0230994439090832,-0.143489496785503,0.143489496785503,0.0371610405432494,0.694784270514943,0.0513567080058505
"Model1","ISCO",5412,24,0.125,51.5,53,47.94263994585,5.05736005415039,-0.0198513133583855,-0.100395239201121,0.100395239201121,0.0260004504711526,0.720784720986096,0.0359327274841374
"Model1","ISCO",1120,35,0.314285714285714,70.34,70,61.5975612800802,8.40243871992016,-0.0109079802040776,-0.0916536352228645,0.0916536352228645,0.023736541912503,0.744521262898599,0.0328039967193678
"Model1","ISCO",4311,60,0.75,50.37,45,47.1236345792003,-2.12363457919992,0.0379205112556566,-0.080529308963452,0.080529308963452,0.0208555537677029,0.765376816666302,0.0288224594761193
"Model1","ISCO",4110,149,0.63758389261745,43.33,41,42.0211586666217,-1.02115866660668,0.0500451616701936,-0.0511040505612507,0.0511040505612507,0.0132349735511984,0.7786117902175,0.0182907868616592
"Model1","ISCO",2142,8,0.125,81.4,76,69.6136669041028,6.38633309589753,-0.00739950378241193,-0.0472556958988363,0.0472556958988363,0.0122383231563018,0.790850113373802,0.0169134119936156
"Model1","ISCO",2166,6,0.166666666666667,79.74,60,68.4105262769891,-8.41052627698876,-0.00525659778154956,0.0442107537692834,0.0442107537692834,0.0114497412707767,0.802299854644579,-0.0158235886452494
"Model1","ISCO",9622,9,0.333333333333333,27.91,20,30.8449969376498,-10.8449969376494,-0.00404833572720587,0.0439041885641244,0.0439041885641244,0.0113703467347774,0.813670201379356,-0.0157138650760767
"Model1","ISCO",1221,22,0.272727272727273,71.39,66,62.3585839659051,3.64141603409523,-0.0119823374339042,-0.0436326756577582,0.0436326756577582,0.011300030075039,0.824970231454395,0.0156166871685333
"Model1","ISCO",2350,16,0.75,68.88,56,60.5393773550284,-4.53937735502802,0.00868108923438564,-0.0394067398875477,0.0394067398875477,0.010205593381009,0.835175824835404,0.0141041712404399
"Model6","small_cells_pooled",,312,,,,,,-0.140308817622806,-0.56703511070508,1.20109528038986,0.307340650400821,0.307340650400821,0.203031841456704
"Model6","ISCO",2221,33,1,68.7,42,60.4089163231727,-18.4089163231723,0.040206267014856,-0.740153805143608,0.740153805143608,0.189393260953987,0.496733911354809,0.265018492122355
"Model6","ISCO",5221,69,0.318840579710145,35.34,45,36.2301384192491,8.76986158075127,-0.0292765938908944,-0.256751675979012,0.256751675979012,0.0656985572878758,0.562432468642684,0.0919321653756046
"Model6","ISCO",2341,56,0.821428571428572,76.49,61,66.0549798684833,-5.05497986848301,0.0489377265018271,-0.247379222276063,0.247379222276063,0.0633002995776459,0.62573276822033,0.0885762770040519
"Model6","ISCO",3412,36,0.75,52.72,42,48.8268758284275,-6.82687582842715,0.0215278351523789,-0.14696785744014,0.14696785744014,0.0376066725355931,0.663339440755924,0.0526231165719429
"Model6","ISCO",2342,21,0.952380952380952,58.77,47,53.2118160657997,-6.21181606580063,0.0229946048110381,-0.142838255591943,0.142838255591943,0.0365499749208049,0.699889415676728,0.0511444767983318
"Model6","ISCO",5412,24,0.125,51.5,53,47.94263994585,5.05736005415039,-0.0202833450310366,-0.102580178924514,0.102580178924514,0.0262485911181498,0.726138006794878,0.0367297231349659
"Model6","ISCO",1120,35,0.314285714285714,70.34,70,61.5975612800802,8.40243871992016,-0.0116569243370863,-0.097946592405114,0.097946592405114,0.0250629320636085,0.751200938858487,0.0350706272768399
"Model6","ISCO",4311,60,0.75,50.37,45,47.1236345792003,-2.12363457919992,0.0389141137228783,-0.0826393575208224,0.0826393575208224,0.0211460608528173,0.772346999711304,0.0295897390082042
"Model6","ISCO",4110,149,0.63758389261745,43.33,41,42.0211586666217,-1.02115866660668,0.0468524257210524,-0.0478437605765984,0.0478437605765984,0.0122424363273329,0.784589436038637,0.0171308736067539
"Model6","ISCO",2166,6,0.166666666666667,79.74,60,68.4105262769891,-8.41052627698876,-0.00551306856777822,0.0463678080561395,0.0463678080561395,0.0118647642017283,0.796454200240365,-0.0166023960002106
"Model6","ISCO",2142,8,0.125,81.4,76,69.6136669041028,6.38633309589753,-0.00700246150250651,-0.0447200516462057,0.0447200516462057,0.0114431302689342,0.807897330509299,0.0160124025203272
"Model6","ISCO",2350,16,0.75,68.88,56,60.5393773550284,-4.53937735502802,0.00935813459454201,-0.0424801042637684,0.0424801042637684,0.0108699643456126,0.818767294854912,0.015210369924397
"Model6","ISCO",1221,22,0.272727272727273,71.39,66,62.3585839659051,3.64141603409523,-0.0116283956162514,-0.0423438262478204,0.0423438262478204,0.0108350930287898,0.829602387883702,0.0151615743983253
"Model6","ISCO",9622,9,0.333333333333333,27.91,20,30.8449969376498,-10.8449969376494,-0.00373722464054479,0.0405301897820163,0.0405301897820163,0.0103710131010009,0.839973400984703,-0.0145121861251241
