"rule","spss_condition","r_condition","assigned_isei","spss_line"
1,"(isco_main=1111)","(isco_main==1111)",70,"IF (isco_main=1111) isei=70."
2,"(isco_main=1112)","(isco_main==1112)",77,"IF (isco_main=1112) isei=77."
3,"(isco_main=1120)","(isco_main==1120)",70,"IF (isco_main=1120) isei=70."
4,"(isco_main=1211)","(isco_main==1211)",69,"IF (isco_main=1211) isei=69."
5,"(isco_main=1212)","(isco_main==1212)",67,"IF (isco_main=1212) isei=67."
6,"(isco_main=1213)","(isco_main==1213)",73,"IF (isco_main=1213) isei=73."
7,"(isco_main=1219)","(isco_main==1219)",67,"IF (isco_main=1219) isei=67."
8,"(isco_main=1221)","(isco_main==1221)",65,"IF (isco_main=1221) isei=65."
9,"(isco_main=1222)","(isco_main==1222)",67,"IF (isco_main=1222) isei=67."
10,"(isco_main=1223)","(isco_main==1223)",67,"IF (isco_main=1223) isei=67."
11,"(isco_main=1311)","(isco_main==1311)",50,"IF (isco_main=1311) isei=50."
12,"(isco_main=1321)","(isco_main==1321)",56,"IF (isco_main=1321) isei=56."
13,"(isco_main=1322)","(isco_main==1322)",57,"IF (isco_main=1322) isei=57."
14,"(isco_main=1330)","(isco_main==1330)",71,"IF (isco_main=1330) isei=71."
15,"(isco_main=1341)","(isco_main==1341)",56,"IF (isco_main=1341) isei=56."
16,"(isco_main=1342)","(isco_main==1342)",65,"IF (isco_main=1342) isei=65."
17,"(isco_main=1345)","(isco_main==1345)",71,"IF (isco_main=1345) isei=71."
18,"(isco_main=1346)","(isco_main==1346)",65,"IF (isco_main=1346) isei=65."
19,"(isco_main=1411)","(isco_main==1411)",47,"IF (isco_main=1411) isei=47."
20,"(isco_main=1412)","(isco_main==1412)",39,"IF (isco_main=1412) isei=39."
21,"(isco_main=1420)","(isco_main==1420)",47,"IF (isco_main=1420) isei=47."
22,"(isco_main=1431)","(isco_main==1431)",47,"IF (isco_main=1431) isei=47."
23,"(isco_main=2111)","(isco_main==2111)",80,"IF (isco_main=2111) isei=80."
24,"(isco_main=2112)","(isco_main==2112)",80,"IF (isco_main=2112) isei=80."
25,"(isco_main=2113)","(isco_main==2113)",78,"IF (isco_main=2113) isei=78."
26,"(isco_main=2114)","(isco_main==2114)",75,"IF (isco_main=2114) isei=75."
27,"(isco_main=2120)","(isco_main==2120)",76,"IF (isco_main=2120) isei=76."
28,"(isco_main=2131)","(isco_main==2131)",76,"IF (isco_main=2131) isei=76."
29,"(isco_main=2132)","(isco_main==2132)",65,"IF (isco_main=2132) isei=65."
30,"(isco_main=2141)","(isco_main==2141)",75,"IF (isco_main=2141) isei=75."
31,"(isco_main=2142)","(isco_main==2142)",73,"IF (isco_main=2142) isei=73."
32,"(isco_main=2143)","(isco_main==2143)",76,"IF (isco_main=2143) isei=76."
33,"(isco_main=2144)","(isco_main==2144)",75,"IF (isco_main=2144) isei=75."
34,"(isco_main=2145)","(isco_main==2145)",75,"IF (isco_main=2145) isei=75."
35,"(isco_main=2146)","(isco_main==2146)",75,"IF (isco_main=2146) isei=75."
36,"(isco_main=2149)","(isco_main==2149)",75,"IF (isco_main=2149) isei=75."
37,"(isco_main=2151)","(isco_main==2151)",76,"IF (isco_main=2151) isei=76."
38,"(isco_main=2152)","(isco_main==2152)",76,"IF (isco_main=2152) isei=76."
39,"(isco_main=2161)","(isco_main==2161)",76,"IF (isco_main=2161) isei=76."
40,"(isco_main=2162)","(isco_main==2162)",76,"IF (isco_main=2162) isei=76."
41,"(isco_main=2164)","(isco_main==2164)",75,"IF (isco_main=2164) isei=75."
42,"(isco_main=2165)","(isco_main==2165)",73,"IF (isco_main=2165) isei=73."
43,"(isco_main=2166)","(isco_main==2166)",67,"IF (isco_main=2166) isei=67."
44,"(isco_main=2211)","(isco_main==2211)",88,"IF (isco_main=2211) isei=88."
45,"(isco_main=2212)","(isco_main==2212)",88,"IF (isco_main=2212) isei=88."
46,"(isco_main=2221)","(isco_main==2221)",60,"IF (isco_main=2221) isei=60."
47,"(isco_main=2222)","(isco_main==2222)",60,"IF (isco_main=2222) isei=60."
48,"(isco_main=2230)","(isco_main==2230)",60,"IF (isco_main=2230) isei=60."
49,"(isco_main=2240)","(isco_main==2240)",60,"IF (isco_main=2240) isei=60."
50,"(isco_main=2250)","(isco_main==2250)",78,"IF (isco_main=2250) isei=78."
51,"(isco_main=2261)","(isco_main==2261)",76,"IF (isco_main=2261) isei=76."
52,"(isco_main=2262)","(isco_main==2262)",73,"IF (isco_main=2262) isei=73."
53,"(isco_main=2263)","(isco_main==2263)",65,"IF (isco_main=2263) isei=65."
54,"(isco_main=2310)","(isco_main==2310)",77,"IF (isco_main=2310) isei=77."
55,"(isco_main=2320)","(isco_main==2320)",71,"IF (isco_main=2320) isei=71."
56,"(isco_main=2330)","(isco_main==2330)",71,"IF (isco_main=2330) isei=71."
57,"(isco_main=2341)","(isco_main==2341)",67,"IF (isco_main=2341) isei=67."
58,"(isco_main=2342)","(isco_main==2342)",65,"IF (isco_main=2342) isei=65."
59,"(isco_main=2351)","(isco_main==2351)",70,"IF (isco_main=2351) isei=70."
60,"(isco_main=2352)","(isco_main==2352)",65,"IF (isco_main=2352) isei=65."
61,"(isco_main=2353)","(isco_main==2353)",60,"IF (isco_main=2353) isei=60."
62,"(isco_main=2359)","(isco_main==2359)",65,"IF (isco_main=2359) isei=65."
63,"(isco_main=2411)","(isco_main==2411)",71,"IF (isco_main=2411) isei=71."
64,"(isco_main=2412)","(isco_main==2412)",71,"IF (isco_main=2412) isei=71."
65,"(isco_main=2413)","(isco_main==2413)",71,"IF (isco_main=2413) isei=71."
66,"(isco_main=2421)","(isco_main==2421)",70,"IF (isco_main=2421) isei=70."
67,"(isco_main=2422)","(isco_main==2422)",70,"IF (isco_main=2422) isei=70."
68,"(isco_main=2423)","(isco_main==2423)",65,"IF (isco_main=2423) isei=65."
69,"(isco_main=2431)","(isco_main==2431)",65,"IF (isco_main=2431) isei=65."
70,"(isco_main=2432)","(isco_main==2432)",65,"IF (isco_main=2432) isei=65."
71,"(isco_main=2433)","(isco_main==2433)",65,"IF (isco_main=2433) isei=65."
72,"(isco_main=2511)","(isco_main==2511)",71,"IF (isco_main=2511) isei=71."
73,"(isco_main=2512)","(isco_main==2512)",71,"IF (isco_main=2512) isei=71."
74,"(isco_main=2513)","(isco_main==2513)",71,"IF (isco_main=2513) isei=71."
75,"(isco_main=2514)","(isco_main==2514)",71,"IF (isco_main=2514) isei=71."
76,"(isco_main=2519)","(isco_main==2519)",71,"IF (isco_main=2519) isei=71."
77,"(isco_main=2521)","(isco_main==2521)",65,"IF (isco_main=2521) isei=65."
78,"(isco_main=2522)","(isco_main==2522)",65,"IF (isco_main=2522) isei=65."
79,"(isco_main=2611)","(isco_main==2611)",85,"IF (isco_main=2611) isei=85."
80,"(isco_main=2612)","(isco_main==2612)",85,"IF (isco_main=2612) isei=85."
81,"(isco_main=2619)","(isco_main==2619)",85,"IF (isco_main=2619) isei=85."
82,"(isco_main=2621)","(isco_main==2621)",67,"IF (isco_main=2621) isei=67."
83,"(isco_main=2622)","(isco_main==2622)",67,"IF (isco_main=2622) isei=67."
84,"(isco_main=2631)","(isco_main==2631)",71,"IF (isco_main=2631) isei=71."
85,"(isco_main=2632)","(isco_main==2632)",71,"IF (isco_main=2632) isei=71."
86,"(isco_main=2633)","(isco_main==2633)",71,"IF (isco_main=2633) isei=71."
87,"(isco_main=2634)","(isco_main==2634)",71,"IF (isco_main=2634) isei=71."
88,"(isco_main=2635)","(isco_main==2635)",65,"IF (isco_main=2635) isei=65."
89,"(isco_main=2636)","(isco_main==2636)",65,"IF (isco_main=2636) isei=65."
90,"(isco_main=2641)","(isco_main==2641)",65,"IF (isco_main=2641) isei=65."
91,"(isco_main=2642)","(isco_main==2642)",65,"IF (isco_main=2642) isei=65."
92,"(isco_main=2643)","(isco_main==2643)",65,"IF (isco_main=2643) isei=65."
93,"(isco_main=2651)","(isco_main==2651)",56,"IF (isco_main=2651) isei=56."
94,"(isco_main=2652)","(isco_main==2652)",56,"IF (isco_main=2652) isei=56."
95,"(isco_main=2653)","(isco_main==2653)",56,"IF (isco_main=2653) isei=56."
96,"(isco_main=2654)","(isco_main==2654)",56,"IF (isco_main=2654) isei=56."
97,"(isco_main=2655)","(isco_main==2655)",56,"IF (isco_main=2655) isei=56."
98,"(isco_main=2656)","(isco_main==2656)",56,"IF (isco_main=2656) isei=56."
99,"(isco_main=2659)","(isco_main==2659)",56,"IF (isco_main=2659) isei=56."
100,"(isco_main=3111)","(isco_main==3111)",56,"IF (isco_main=3111) isei=56."
101,"(isco_main=3112)","(isco_main==3112)",56,"IF (isco_main=3112) isei=56."
102,"(isco_main=3113)","(isco_main==3113)",56,"IF (isco_main=3113) isei=56."
103,"(isco_main=3114)","(isco_main==3114)",56,"IF (isco_main=3114) isei=56."
104,"(isco_main=3115)","(isco_main==3115)",56,"IF (isco_main=3115) isei=56."
105,"(isco_main=3117)","(isco_main==3117)",56,"IF (isco_main=3117) isei=56."
106,"(isco_main=3119)","(isco_main==3119)",56,"IF (isco_main=3119) isei=56."
107,"(isco_main=3131)","(isco_main==3131)",56,"IF (isco_main=3131) isei=56."
108,"(isco_main=3132)","(isco_main==3132)",56,"IF (isco_main=3132) isei=56."
109,"(isco_main=3139)","(isco_main==3139)",56,"IF (isco_main=3139) isei=56."
110,"(isco_main=3141)","(isco_main==3141)",56,"IF (isco_main=3141) isei=56."
111,"(isco_main=3142)","(isco_main==3142)",38,"IF (isco_main=3142) isei=38."
112,"(isco_main=3143)","(isco_main==3143)",38,"IF (isco_main=3143) isei=38."
113,"(isco_main=3151)","(isco_main==3151)",56,"IF (isco_main=3151) isei=56."
114,"(isco_main=3152)","(isco_main==3152)",56,"IF (isco_main=3152) isei=56."
115,"(isco_main=3153)","(isco_main==3153)",65,"IF (isco_main=3153) isei=65."
116,"(isco_main=3211)","(isco_main==3211)",56,"IF (isco_main=3211) isei=56."
117,"(isco_main=3212)","(isco_main==3212)",56,"IF (isco_main=3212) isei=56."
118,"(isco_main=3213)","(isco_main==3213)",56,"IF (isco_main=3213) isei=56."
119,"(isco_main=3221)","(isco_main==3221)",43,"IF (isco_main=3221) isei=43."
120,"(isco_main=3222)","(isco_main==3222)",43,"IF (isco_main=3222) isei=43."
121,"(isco_main=3230)","(isco_main==3230)",43,"IF (isco_main=3230) isei=43."
122,"(isco_main=3240)","(isco_main==3240)",43,"IF (isco_main=3240) isei=43."
123,"(isco_main=3251)","(isco_main==3251)",43,"IF (isco_main=3251) isei=43."
124,"(isco_main=3252)","(isco_main==3252)",43,"IF (isco_main=3252) isei=43."
125,"(isco_main=3254)","(isco_main==3254)",43,"IF (isco_main=3254) isei=43."
126,"(isco_main=3257)","(isco_main==3257)",43,"IF (isco_main=3257) isei=43."
127,"(isco_main=3258)","(isco_main==3258)",43,"IF (isco_main=3258) isei=43."
128,"(isco_main=3259)","(isco_main==3259)",43,"IF (isco_main=3259) isei=43."
129,"(isco_main=3311)","(isco_main==3311)",56,"IF (isco_main=3311) isei=56."
130,"(isco_main=3312)","(isco_main==3312)",56,"IF (isco_main=3312) isei=56."
131,"(isco_main=3313)","(isco_main==3313)",56,"IF (isco_main=3313) isei=56."
132,"(isco_main=3314)","(isco_main==3314)",56,"IF (isco_main=3314) isei=56."
133,"(isco_main=3315)","(isco_main==3315)",56,"IF (isco_main=3315) isei=56."
134,"(isco_main=3321)","(isco_main==3321)",56,"IF (isco_main=3321) isei=56."
135,"(isco_main=3322)","(isco_main==3322)",56,"IF (isco_main=3322) isei=56."
136,"(isco_main=3323)","(isco_main==3323)",47,"IF (isco_main=3323) isei=47."
137,"(isco_main=3324)","(isco_main==3324)",47,"IF (isco_main=3324) isei=47."
138,"(isco_main=3331)","(isco_main==3331)",56,"IF (isco_main=3331) isei=56."
139,"(isco_main=3332)","(isco_main==3332)",56,"IF (isco_main=3332) isei=56."
140,"(isco_main=3334)","(isco_main==3334)",56,"IF (isco_main=3334) isei=56."
141,"(isco_main=3339)","(isco_main==3339)",56,"IF (isco_main=3339) isei=56."
142,"(isco_main=3341)","(isco_main==3341)",47,"IF (isco_main=3341) isei=47."
143,"(isco_main=3342)","(isco_main==3342)",47,"IF (isco_main=3342) isei=47."
144,"(isco_main=3343)","(isco_main==3343)",47,"IF (isco_main=3343) isei=47."
145,"(isco_main=3344)","(isco_main==3344)",47,"IF (isco_main=3344) isei=47."
146,"(isco_main=3351)","(isco_main==3351)",56,"IF (isco_main=3351) isei=56."
147,"(isco_main=3352)","(isco_main==3352)",56,"IF (isco_main=3352) isei=56."
148,"(isco_main=3355)","(isco_main==3355)",56,"IF (isco_main=3355) isei=56."
149,"(isco_main=3359)","(isco_main==3359)",56,"IF (isco_main=3359) isei=56."
150,"(isco_main=3411)","(isco_main==3411)",47,"IF (isco_main=3411) isei=47."
151,"(isco_main=3412)","(isco_main==3412)",47,"IF (isco_main=3412) isei=47."
152,"(isco_main=3413)","(isco_main==3413)",47,"IF (isco_main=3413) isei=47."
153,"(isco_main=3421)","(isco_main==3421)",38,"IF (isco_main=3421) isei=38."
154,"(isco_main=3431)","(isco_main==3431)",47,"IF (isco_main=3431) isei=47."
155,"(isco_main=3432)","(isco_main==3432)",47,"IF (isco_main=3432) isei=47."
156,"(isco_main=3433)","(isco_main==3433)",47,"IF (isco_main=3433) isei=47."
157,"(isco_main=3434)","(isco_main==3434)",47,"IF (isco_main=3434) isei=47."
158,"(isco_main=3435)","(isco_main==3435)",47,"IF (isco_main=3435) isei=47."
159,"(isco_main=3511)","(isco_main==3511)",47,"IF (isco_main=3511) isei=47."
160,"(isco_main=3512)","(isco_main==3512)",47,"IF (isco_main=3512) isei=47."
161,"(isco_main=3513)","(isco_main==3513)",47,"IF (isco_main=3513) isei=47."
162,"(isco_main=3514)","(isco_main==3514)",47,"IF (isco_main=3514) isei=47."
163,"(isco_main=3521)","(isco_main==3521)",47,"IF (isco_main=3521) isei=47."
164,"(isco_main=3522)","(isco_main==3522)",47,"IF (isco_main=3522) isei=47."
165,"(isco_main=4110)","(isco_main==4110)",45,"IF (isco_main=4110) isei=45."
166,"(isco_main=4120)","(isco_main==4120)",45,"IF (isco_main=4120) isei=45."
167,"(isco_main=4131)","(isco_main==4131)",38,"IF (isco_main=4131) isei=38."
168,"(isco_main=4132)","(isco_main==4132)",38,"IF (isco_main=4132) isei=38."
169,"(isco_main=4211)","(isco_main==4211)",38,"IF (isco_main=4211) isei=38."
170,"(isco_main=4212)","(isco_main==4212)",38,"IF (isco_main=4212) isei=38."
171,"(isco_main=4213)","(isco_main==4213)",38,"IF (isco_main=4213) isei=38."
172,"(isco_main=4214)","(isco_main==4214)",38,"IF (isco_main=4214) isei=38."
173,"(isco_main=4221)","(isco_main==4221)",38,"IF (isco_main=4221) isei=38."
174,"(isco_main=4222)","(isco_main==4222)",38,"IF (isco_main=4222) isei=38."
175,"(isco_main=4223)","(isco_main==4223)",38,"IF (isco_main=4223) isei=38."
176,"(isco_main=4224)","(isco_main==4224)",38,"IF (isco_main=4224) isei=38."
177,"(isco_main=4225)","(isco_main==4225)",38,"IF (isco_main=4225) isei=38."
178,"(isco_main=4226)","(isco_main==4226)",38,"IF (isco_main=4226) isei=38."
179,"(isco_main=4227)","(isco_main==4227)",38,"IF (isco_main=4227) isei=38."
180,"(isco_main=4229)","(isco_main==4229)",38,"IF (isco_main=4229) isei=38."
181,"(isco_main=4311)","(isco_main==4311)",45,"IF (isco_main=4311) isei=45."
182,"(isco_main=4312)","(isco_main==4312)",45,"IF (isco_main=4312) isei=45."
183,"(isco_main=4313)","(isco_main==4313)",45,"IF (isco_main=4313) isei=45."
184,"(isco_main=4321)","(isco_main==4321)",38,"IF (isco_main=4321) isei=38."
185,"(isco_main=4322)","(isco_main==4322)",38,"IF (isco_main=4322) isei=38."
186,"(isco_main=4323)","(isco_main==4323)",38,"IF (isco_main=4323) isei=38."
187,"(isco_main=4411)","(isco_main==4411)",38,"IF (isco_main=4411) isei=38."
188,"(isco_main=4412)","(isco_main==4412)",38,"IF (isco_main=4412) isei=38."
189,"(isco_main=4415)","(isco_main==4415)",38,"IF (isco_main=4415) isei=38."
190,"(isco_main=4419)","(isco_main==4419)",38,"IF (isco_main=4419) isei=38."
191,"(isco_main=5111)","(isco_main==5111)",36,"IF (isco_main=5111) isei=36."
192,"(isco_main=5112)","(isco_main==5112)",36,"IF (isco_main=5112) isei=36."
193,"(isco_main=5113)","(isco_main==5113)",36,"IF (isco_main=5113) isei=36."
194,"(isco_main=5120)","(isco_main==5120)",30,"IF (isco_main=5120) isei=30."
195,"(isco_main=5131)","(isco_main==5131)",30,"IF (isco_main=5131) isei=30."
196,"(isco_main=5132)","(isco_main==5132)",30,"IF (isco_main=5132) isei=30."
197,"(isco_main=5141)","(isco_main==5141)",30,"IF (isco_main=5141) isei=30."
198,"(isco_main=5142)","(isco_main==5142)",30,"IF (isco_main=5142) isei=30."
199,"(isco_main=5151)","(isco_main==5151)",30,"IF (isco_main=5151) isei=30."
200,"(isco_main=5152)","(isco_main==5152)",30,"IF (isco_main=5152) isei=30."
201,"(isco_main=5153)","(isco_main==5153)",30,"IF (isco_main=5153) isei=30."
202,"(isco_main=5161)","(isco_main==5161)",30,"IF (isco_main=5161) isei=30."
203,"(isco_main=5162)","(isco_main==5162)",30,"IF (isco_main=5162) isei=30."
204,"(isco_main=5163)","(isco_main==5163)",30,"IF (isco_main=5163) isei=30."
205,"(isco_main=5164)","(isco_main==5164)",30,"IF (isco_main=5164) isei=30."
206,"(isco_main=5169)","(isco_main==5169)",30,"IF (isco_main=5169) isei=30."
207,"(isco_main=5211)","(isco_main==5211)",30,"IF (isco_main=5211) isei=30."
208,"(isco_main=5212)","(isco_main==5212)",30,"IF (isco_main=5212) isei=30."
209,"(isco_main=5221)","(isco_main==5221)",30,"IF (isco_main=5221) isei=30."
210,"(isco_main=5222)","(isco_main==5222)",36,"IF (isco_main=5222) isei=36."
211,"(isco_main=5223)","(isco_main==5223)",30,"IF (isco_main=5223) isei=30."
212,"(isco_main=5230)","(isco_main==5230)",30,"IF (isco_main=5230) isei=30."
213,"(isco_main=5241)","(isco_main==5241)",30,"IF (isco_main=5241) isei=30."
214,"(isco_main=5242)","(isco_main==5242)",30,"IF (isco_main=5242) isei=30."
215,"(isco_main=5243)","(isco_main==5243)",30,"IF (isco_main=5243) isei=30."
216,"(isco_main=5244)","(isco_main==5244)",30,"IF (isco_main=5244) isei=30."
217,"(isco_main=5245)","(isco_main==5245)",30,"IF (isco_main=5245) isei=30."
218,"(isco_main=5246)","(isco_main==5246)",30,"IF (isco_main=5246) isei=30."
219,"(isco_main=5249)","(isco_main==5249)",30,"IF (isco_main=5249) isei=30."
220,"(isco_main=5311)","(isco_main==5311)",30,"IF (isco_main=5311) isei=30."
221,"(isco_main=5312)","(isco_main==5312)",30,"IF (isco_main=5312) isei=30."
222,"(isco_main=5321)","(isco_main==5321)",25,"IF (isco_main=5321) isei=25."
223,"(isco_main=5322)","(isco_main==5322)",25,"IF (isco_main=5322) isei=25."
224,"(isco_main=5329)","(isco_main==5329)",25,"IF (isco_main=5329) isei=25."
225,"(isco_main=5411)","(isco_main==5411)",35,"IF (isco_main=5411) isei=35."
226,"(isco_main=5412)","(isco_main==5412)",50,"IF (isco_main=5412) isei=50."
227,"(isco_main=5413)","(isco_main==5413)",35,"IF (isco_main=5413) isei=35."
228,"(isco_main=5414)","(isco_main==5414)",35,"IF (isco_main=5414) isei=35."
229,"(isco_main=5419)","(isco_main==5419)",35,"IF (isco_main=5419) isei=35."
230,"(isco_main >= 7000 AND isco_main < 8000)","(isco_main >= 7000 & isco_main < 8000)",30,"IF (isco_main >= 7000 AND isco_main < 8000) isei=30."
231,"(isco_main >= 8000 AND isco_main < 9000)","(isco_main >= 8000 & isco_main < 9000)",25,"IF (isco_main >= 8000 AND isco_main < 9000) isei=25."
232,"(isco_main >= 9000 AND isco_main < 10000)","(isco_main >= 9000 & isco_main < 10000)",16,"IF (isco_main >= 9000 AND isco_main < 10000) isei=16."
233,"(isco_main >= 9300 AND isco_main < 9400)","(isco_main >= 9300 & isco_main < 9400)",18,"IF (isco_main >= 9300 AND isco_main < 9400) isei=18."
234,"(isco_main >= 100 AND isco_main < 400)","(isco_main >= 100 & isco_main < 400)",45,"IF (isco_main >= 100 AND isco_main < 400) isei=45."
235,"(MISSING(isei) AND isco_main >= 1100 AND isco_main < 1200)","(is.na(isei) & isco_main >= 1100 & isco_main < 1200)",70,"IF (MISSING(isei) AND isco_main >= 1100 AND isco_main < 1200) isei = 70."
236,"(MISSING(isei) AND isco_main >= 1200 AND isco_main < 1300)","(is.na(isei) & isco_main >= 1200 & isco_main < 1300)",68,"IF (MISSING(isei) AND isco_main >= 1200 AND isco_main < 1300) isei = 68."
237,"(MISSING(isei) AND isco_main >= 1300 AND isco_main < 1400)","(is.na(isei) & isco_main >= 1300 & isco_main < 1400)",60,"IF (MISSING(isei) AND isco_main >= 1300 AND isco_main < 1400) isei = 60."
238,"(MISSING(isei) AND isco_main >= 1400 AND isco_main < 1500)","(is.na(isei) & isco_main >= 1400 & isco_main < 1500)",45,"IF (MISSING(isei) AND isco_main >= 1400 AND isco_main < 1500) isei = 45."
239,"(MISSING(isei) AND isco_main >= 2100 AND isco_main < 2200)","(is.na(isei) & isco_main >= 2100 & isco_main < 2200)",78,"IF (MISSING(isei) AND isco_main >= 2100 AND isco_main < 2200) isei = 78."
240,"(MISSING(isei) AND isco_main >= 2200 AND isco_main < 2300)","(is.na(isei) & isco_main >= 2200 & isco_main < 2300)",75,"IF (MISSING(isei) AND isco_main >= 2200 AND isco_main < 2300) isei = 75."
241,"(MISSING(isei) AND isco_main >= 2300 AND isco_main < 2400)","(is.na(isei) & isco_main >= 2300 & isco_main < 2400)",70,"IF (MISSING(isei) AND isco_main >= 2300 AND isco_main < 2400) isei = 70."
242,"(MISSING(isei) AND isco_main >= 2400 AND isco_main < 2500)","(is.na(isei) & isco_main >= 2400 & isco_main < 2500)",70,"IF (MISSING(isei) AND isco_main >= 2400 AND isco_main < 2500) isei = 70."
243,"(MISSING(isei) AND isco_main >= 2500 AND isco_main < 2600)","(is.na(isei) & isco_main >= 2500 & isco_main < 2600)",71,"IF (MISSING(isei) AND isco_main >= 2500 AND isco_main < 2600) isei = 71."
244,"(MISSING(isei) AND isco_main >= 2600 AND isco_main < 2700)","(is.na(isei) & isco_main >= 2600 & isco_main < 2700)",70,"IF (MISSING(isei) AND isco_main >= 2600 AND isco_main < 2700) isei = 70."
245,"(MISSING(isei) AND isco_main >= 3100 AND isco_main < 3200)","(is.na(isei) & isco_main >= 3100 & isco_main < 3200)",56,"IF (MISSING(isei) AND isco_main >= 3100 AND isco_main < 3200) isei = 56."
246,"(MISSING(isei) AND isco_main >= 3200 AND isco_main < 3300)","(is.na(isei) & isco_main >= 3200 & isco_main < 3300)",50,"IF (MISSING(isei) AND isco_main >= 3200 AND isco_main < 3300) isei = 50."
247,"(MISSING(isei) AND isco_main >= 3300 AND isco_main < 3400)","(is.na(isei) & isco_main >= 3300 & isco_main < 3400)",50,"IF (MISSING(isei) AND isco_main >= 3300 AND isco_main < 3400) isei = 50."
248,"(MISSING(isei) AND isco_main >= 3400 AND isco_main < 3500)","(is.na(isei) & isco_main >= 3400 & isco_main < 3500)",47,"IF (MISSING(isei) AND isco_main >= 3400 AND isco_main < 3500) isei = 47."
249,"(MISSING(isei) AND isco_main >= 3500 AND isco_main < 3600)","(is.na(isei) & isco_main >= 3500 & isco_main < 3600)",47,"IF (MISSING(isei) AND isco_main >= 3500 AND isco_main < 3600) isei = 47."
250,"(MISSING(isei) AND isco_main >= 4100 AND isco_main < 4200)","(is.na(isei) & isco_main >= 4100 & isco_main < 4200)",45,"IF (MISSING(isei) AND isco_main >= 4100 AND isco_main < 4200) isei = 45."
251,"(MISSING(isei) AND isco_main >= 4200 AND isco_main < 4300)","(is.na(isei) & isco_main >= 4200 & isco_main < 4300)",38,"IF (MISSING(isei) AND isco_main >= 4200 AND isco_main < 4300) isei = 38."
252,"(MISSING(isei) AND isco_main >= 4300 AND isco_main < 4400)","(is.na(isei) & isco_main >= 4300 & isco_main < 4400)",45,"IF (MISSING(isei) AND isco_main >= 4300 AND isco_main < 4400) isei = 45."
253,"(MISSING(isei) AND isco_main >= 4400 AND isco_main < 4500)","(is.na(isei) & isco_main >= 4400 & isco_main < 4500)",38,"IF (MISSING(isei) AND isco_main >= 4400 AND isco_main < 4500) isei = 38."
254,"(MISSING(isei) AND isco_main >= 5100 AND isco_main < 5200)","(is.na(isei) & isco_main >= 5100 & isco_main < 5200)",30,"IF (MISSING(isei) AND isco_main >= 5100 AND isco_main < 5200) isei = 30."
255,"(MISSING(isei) AND isco_main >= 5200 AND isco_main < 5300)","(is.na(isei) & isco_main >= 5200 & isco_main < 5300)",30,"IF (MISSING(isei) AND isco_main >= 5200 AND isco_main < 5300) isei = 30."
256,"(MISSING(isei) AND isco_main >= 5300 AND isco_main < 5400)","(is.na(isei) & isco_main >= 5300 & isco_main < 5400)",28,"IF (MISSING(isei) AND isco_main >= 5300 AND isco_main < 5400) isei = 28."
257,"(MISSING(isei) AND isco_main >= 5400 AND isco_main < 5500)","(is.na(isei) & isco_main >= 5400 & isco_main < 5500)",38,"IF (MISSING(isei) AND isco_main >= 5400 AND isco_main < 5500) isei = 38."
