"isco_main","isei_original","n_stage3"
100,45,2
310,45,2
1000,NA,4
1111,70,2
1112,77,6
1113,70,7
1114,70,4
1120,70,36
1200,68,8
1211,69,8
1212,67,10
1213,73,4
1219,67,10
1220,68,6
1221,65,22
1222,67,4
1300,60,6
1320,60,2
1321,56,4
1322,57,1
1323,60,4
1324,60,1
1330,71,1
1345,71,2
1346,65,7
1349,60,2
1411,47,5
1412,39,3
1420,47,1
1431,47,1
2100,78,4
2120,76,1
2132,65,4
2133,78,1
2140,78,6
2141,75,3
2142,73,8
2143,76,2
2144,75,6
2145,75,2
2149,75,2
2150,78,2
2151,76,2
2152,76,5
2153,78,2
2160,78,1
2161,76,4
2163,78,5
2164,75,2
2165,73,1
2166,67,6
2200,75,3
2210,75,9
2211,88,1
2212,88,12
2221,60,33
2230,60,6
2260,75,1
2261,76,1
2262,73,3
2300,70,32
2310,77,16
2320,71,8
2330,71,69
2341,67,56
2342,65,21
2350,70,17
2354,70,2
2355,70,1
2356,70,2
2410,70,6
2411,71,1
2412,71,5
2413,71,1
2420,70,2
2423,65,12
2424,70,2
2430,70,2
2431,65,4
2433,65,3
2500,71,3
2510,71,8
2512,71,15
2513,71,1
2523,71,9
2611,85,5
2612,85,3
2619,85,1
2620,70,1
2621,67,1
2635,65,6
2641,65,13
2642,65,2
2643,65,2
2651,56,3
2654,56,4
2656,56,1
3100,56,3
3110,56,1
3112,56,1
3116,56,2
3119,56,2
3120,56,1
3123,56,2
3130,56,2
3132,56,2
3133,56,1
3134,56,4
3135,56,1
3139,56,1
3142,38,1
3153,65,1
3211,56,2
3213,56,1
3221,43,2
3253,50,3
3257,43,3
3259,43,1
3311,56,4
3312,56,6
3313,56,2
3314,56,11
3315,56,1
3321,56,13
3322,56,16
3323,47,11
3324,47,1
3331,56,2
3332,56,1
3333,50,1
3334,56,11
3339,56,2
3341,47,27
3342,47,1
3343,47,6
3350,50,1
3351,56,1
3352,56,5
3355,56,4
3359,56,96
3411,47,1
3412,47,36
3431,47,3
3432,47,3
3435,47,2
3510,47,8
3512,47,1
3513,47,7
4110,45,151
4120,45,5
4200,38,2
4211,38,25
4220,38,1
4222,38,8
4224,38,1
4226,38,6
4229,38,2
4310,45,1
4311,45,62
4312,45,21
4321,38,7
4323,38,5
4411,38,2
4413,38,3
4415,38,2
4416,38,15
4419,38,9
5113,36,2
5131,30,10
5141,30,6
5153,30,1
5164,30,1
5200,30,25
5211,30,1
5220,30,14
5221,30,71
5222,36,4
5223,30,43
5230,30,8
5240,30,5
5244,30,2
5245,30,1
5246,30,1
5249,30,19
5311,30,1
5410,38,3
5411,35,1
5412,50,24
5414,35,2
7000,30,6
7111,30,2
7120,30,4
7124,30,1
7126,30,1
7127,30,1
7200,30,1
7210,30,1
7212,30,2
7214,30,1
7221,30,2
7222,30,2
7230,30,5
7231,30,6
7310,30,1
7322,30,1
7400,30,2
7410,30,2
7411,30,1
7413,30,3
7420,30,6
7422,30,4
7512,30,2
7513,30,1
7520,30,1
7542,30,1
7543,30,8
8100,25,1
8111,25,1
8112,25,2
8120,25,2
8122,25,1
8141,25,1
8142,25,1
8152,25,2
8182,25,1
8211,25,1
8212,25,1
8300,25,2
8310,25,2
8320,25,1
8322,25,2
8331,25,2
8332,25,2
8342,25,1
8350,25,1
9111,16,3
9112,16,1
9311,18,1
9312,18,2
9313,18,3
9321,18,1
9330,18,3
9332,18,1
9613,16,1
9621,16,3
9622,16,9
9623,16,2
9629,16,2
