"model","term","VIF","tolerance"
"Model1","edu_bachelor",1.1195945629412,0.893180471842395
"Model1","edu_postgrad",1.11380435137968,0.897823750429143
"Model1","female",1.00956850836879,0.990522180229006
"Model1","age",1.04351486679715,0.958299715527093
"Model2","edu_bachelor",1.15103405433332,0.868784026185219
"Model2","edu_postgrad",1.1578508251522,0.863669117192664
"Model2","female",1.01005397294227,0.990046103266162
"Model2","age",1.09279497083362,0.915084738390738
"Model2","par_edu_yrs",1.12266142557823,0.890740500400595
"Model3","edu_bachelor",1.1533120612516,0.867068015325161
"Model3","edu_postgrad",1.15858161038066,0.863124350533617
"Model3","female",1.01274122221574,0.987419074156114
"Model3","age",1.13165728875534,0.883659752768307
"Model3","par_edu_yrs",1.26760477013991,0.788889426386132
"Model3","rural_origin",1.15580556294859,0.865197427713438
"Model4","edu_bachelor",2.09509996114473,0.477304194809691
"Model4","edu_postgrad",1.85429545183701,0.539288385251295
"Model4","female",1.01283593836246,0.987326734887374
"Model4","age",1.13692014988709,0.879569246880985
"Model4","par_edu_yrs",1.27491499299285,0.784366020868978
"Model4","rural_origin",2.42202640994821,0.412877413678319
"Model4","bach_x_rural",2.84622233421696,0.351342896855988
"Model4","post_x_rural",1.75730783902739,0.569052261528331
"Model5","edu_bachelor",1.15829642172746,0.86333686372666
"Model5","edu_postgrad",1.16220655721796,0.860432247425755
"Model5","female",1.01877252797816,0.981573386145953
"Model5","par_edu_yrs",1.25561472322666,0.796422645817833
"Model5","rural_origin",1.15348254541233,0.866939863093059
"Model5","cohort2",2.42741790774936,0.411960378477711
"Model5","cohort3",2.9734647726861,0.336308003103277
"Model5","cohort4",3.2180043888459,0.310751596071824
"Model6","edu_bachelor",10.7285943343677,0.0932088555903943
"Model6","edu_postgrad",62.4797827284801,0.016005177296242
"Model6","female",1.02108939771192,0.979346178934797
"Model6","par_edu_yrs",1.25813705535559,0.794825965695264
"Model6","rural_origin",1.16456481310724,0.858689863153122
"Model6","cohort2",4.05720648748123,0.246475007640248
"Model6","cohort3",5.27286216713444,0.189650320509602
"Model6","cohort4",5.58488262515721,0.179054792574419
"Model6","bach_x_c2",4.95134766458984,0.201965215884883
"Model6","bach_x_c3",8.00836997659251,0.124869355801852
"Model6","bach_x_c4",8.80071668199047,0.11362710971555
"Model6","post_x_c2",11.6790325729218,0.0856235303528933
"Model6","post_x_c3",22.5634296763832,0.044319503477199
"Model6","post_x_c4",34.0525707777789,0.0293663584616217
"Model7","edu_bachelor",1.15244249633012,0.867722253547954
"Model7","edu_postgrad",1.1582055524382,0.863404598514356
"Model7","female",1.01279067071297,0.98737086440186
"Model7","age",1.12296859576769,0.890496852511152
"Model7","par_edu_yrs",1.26677698770862,0.789404930546478
"Model7","rural_origin_f",1.14918745879261,0.870180049694112
