"model","term","B","SE","t","p"
"Model1","(Intercept)",38.4469853491411,1.81352713302734,21.2001158675587,2.33268296256712e-88
"Model1","edu_bachelor",6.27421648130104,0.816783079044427,7.68161907643996,2.68383110474201e-14
"Model1","edu_postgrad",16.1993986384801,1.49431679031622,10.8406723015219,1.70375405338284e-26
"Model1","female",0.942657767125949,0.775558234582253,1.21545710572424,0.224366632998584
"Model1","age",0.229997001749924,0.0411642909650834,5.58729414154159,2.6954909250368e-08
"Model2","(Intercept)",36.6368445080402,2.18825749040404,16.7424741689222,3.29728119227513e-58
"Model2","edu_bachelor",6.07212803529118,0.827873789272264,7.33460596769085,3.47971449977601e-13
"Model2","edu_postgrad",15.7606445455241,1.52302920300497,10.3482221578076,2.35010112061339e-24
"Model2","female",0.917547422447805,0.775465553912036,1.18322137949133,0.236892910764804
"Model2","age",0.243204924303156,0.0421099152698989,5.77547883305774,9.16191434579188e-09
"Model2","par_edu_yrs",0.149307953522547,0.101087920089575,1.47701083759803,0.139864724779616
"Model3","(Intercept)",32.8019142455018,2.4226319324467,13.5397844823972,1.13601439389318e-39
"Model3","edu_bachelor",6.20533350148272,0.825632765983746,7.51585178925043,9.25359493161688e-14
"Model3","edu_postgrad",15.8990334550012,1.51788440134793,10.4744692289363,6.7802839448102e-25
"Model3","female",1.06221415702832,0.773629320349453,1.37302727428753,0.16993168022872
"Model3","age",0.271926208532314,0.04269391122958,6.36920349297753,2.46198037962124e-10
"Model3","par_edu_yrs",0.280678643459584,0.107018842536361,2.62270303815161,0.00880437807522255
"Model3","rural_origin",3.02452982446734,0.833156998952855,3.6302039450772,0.000291897901700492
"Model4","(Intercept)",33.5618226921179,2.46966127659796,13.5896460822961,6.19860456345052e-40
"Model4","edu_bachelor",5.15911611346708,1.11245688855194,4.63758745759809,3.8050279591684e-06
"Model4","edu_postgrad",14.1155297823308,1.91969467932446,7.35300771229835,3.0483004671424e-13
"Model4","female",1.049302814535,0.77342915806189,1.35668897868347,0.175067112567742
"Model4","age",0.266895458988893,0.0427799994098151,6.23879061876889,5.60232293965241e-10
"Model4","par_edu_yrs",0.29431583300128,0.107294199396007,2.74307310794131,0.00615307379568771
"Model4","rural_origin",1.65083043174702,1.20570540033681,1.36918224906837,0.171130130637359
"Model4","bach_x_rural",2.20472214492619,1.62639722495859,1.35558651422461,0.17541775229838
"Model4","post_x_rural",4.3800698704589,3.09010328088868,1.41745096273909,0.156541421484125
"Model5","(Intercept)",48.858706066032,1.55628326252155,31.3944814820337,9.37031924364025e-170
"Model5","edu_bachelor",6.18387695290864,0.828886612121567,7.46046185627341,1.39229931873185e-13
"Model5","edu_postgrad",15.9710300544281,1.52296109068671,10.4868273733945,6.01137046742598e-25
"Model5","female",1.09831283257665,0.777309641484486,1.41296694902577,0.157855542318256
"Model5","par_edu_yrs",0.259678736929846,0.106700948893305,2.43370597565643,0.0150514930053899
"Model5","rural_origin",2.91848875680422,0.833799700979947,3.50022763665444,0.000477319328587295
"Model5","cohort2",-3.54184236325777,1.49150446065292,-2.37467768732472,0.0176789641629391
"Model5","cohort3",-5.80916807420377,1.43258057353204,-4.05503758848358,5.24813774189837e-05
"Model5","cohort4",-7.88525728965804,1.42177880869487,-5.54605065248959,3.40122870200528e-08
"Model6","(Intercept)",48.9497306453245,1.7610988357912,27.7949934725458,1.62286320651392e-139
"Model6","edu_bachelor",5.87312464614316,2.52188992154857,2.32885844697645,0.0199881981503605
"Model6","edu_postgrad",15.7635299614951,11.1631394167407,1.41210544570065,0.158109675555544
"Model6","female",1.16661866875588,0.777959111183068,1.49958866987464,0.133914515275754
"Model6","par_edu_yrs",0.258030117634771,0.106775964932236,2.41655617721204,0.0157772792688781
"Model6","rural_origin",2.95610717674094,0.83754374510575,3.52949585501077,0.000427909193947317
"Model6","cohort2",-2.25180160016177,1.92768151384539,-1.16813985297282,0.242921079205092
"Model6","cohort3",-6.87838879223513,1.90713007289961,-3.60666998542853,0.000319494414907268
"Model6","cohort4",-8.35416731505538,1.87247139593851,-4.46157272852125,8.69288219417043e-06
"Model6","bach_x_c2",-2.65544882167798,3.08006273636689,-0.862141147426832,0.388736590060393
"Model6","bach_x_c3",1.39729379761082,2.91133602015738,0.47994933870096,0.631327773094501
"Model6","bach_x_c4",1.22795496645457,2.85191109893961,0.430572666487096,0.66683600965157
"Model6","post_x_c2",-2.68415249421174,11.7200369985705,-0.229022527363959,0.818880120333449
"Model6","post_x_c3",4.4788152808565,11.4620802766378,0.390750646720324,0.696032590614653
"Model6","post_x_c4",-1.10070716453512,11.3660186325608,-0.0968419285695934,0.922863824202955
"Model7","(Intercept)",32.8841504822617,2.40258697768707,13.6869760752298,1.85947420434759e-40
"Model7","edu_bachelor",6.17926244226146,0.825168027999749,7.48848989852445,1.1323469723906e-13
"Model7","edu_postgrad",15.8592653780317,1.51735591123843,10.4519086527878,8.47633186714784e-25
"Model7","female",1.06687605224484,0.773504385615574,1.37927602232765,0.167997833284327
"Model7","age",0.269091118674592,0.0425217904577148,6.32831110303752,3.19105434307069e-10
"Model7","par_edu_yrs",0.283297137106631,0.106964005321416,2.64852775712122,0.00816192212151959
"Model7","rural_origin_f",3.08883700019816,0.831702992892501,3.71387024766592,0.000210951336922134
