"cohort","edu_lvl","n","mean_isei","sd_isei","cohort_label","education_label"
1,1,108,52.1203703703704,16.3659765564598,"1957-64","Junior college"
1,2,60,58.2666666666667,14.9721398521191,"1957-64","Bachelor"
1,3,2,70,0,"1957-64","Postgraduate"
2,1,174,50.7298850574713,16.0775405399365,"1965-74","Junior college"
2,2,139,54.0719424460432,16.2773249804261,"1965-74","Bachelor"
2,3,21,64.5238095238095,11.3164439980899,"1965-74","Postgraduate"
3,1,194,46.4742268041237,15.9146641300771,"1975-84","Junior college"
3,2,277,53.8953068592058,15.0426885194977,"1975-84","Bachelor"
3,3,43,66.8604651162791,13.9037189189985,"1975-84","Postgraduate"
4,1,231,45.4502164502165,16.2637470265695,"1985-92","Junior college"
4,2,330,52.3181818181818,15.5580676116537,"1985-92","Bachelor"
4,3,67,59.9850746268657,15.5363625645378,"1985-92","Postgraduate"
