"isco4","isco_numeric","major_group","isei_historical","isei_syntax","isei_overview","n_stage3","n_core","syntax_minus_historical","overview_minus_syntax","abs_syntax_minus_historical","abs_overview_minus_syntax","person_weighted_abs_hist_syntax","person_weighted_abs_syntax_overview"
"0100",100,"0",45,60.92,65,2,2,15.92,4.08,15.92,4.08,31.84,8.16
"0310",310,"0",45,29.18,30,2,2,-15.82,0.82,15.82,0.82,31.64,1.64
"1000",1000,"1",,65.12,62,4,4,,-3.12,,3.12,,12.48
"1111",1111,"1",70,68.77,66,2,2,-1.23,-2.77,1.23,2.77,2.46000000000001,5.53999999999999
"1112",1112,"1",77,78.76,70,6,6,1.76,-8.76,1.76,8.76,10.56,52.56
"1113",1113,"1",70,64.98,57,7,7,-5.02,-7.98,5.02,7.98,35.14,55.86
"1114",1114,"1",70,71.29,68,4,4,1.29000000000001,-3.29000000000001,1.29000000000001,3.29000000000001,5.16000000000003,13.16
"1120",1120,"1",70,70.34,70,36,35,0.340000000000003,-0.340000000000003,0.340000000000003,0.340000000000003,11.9000000000001,11.9000000000001
"1200",1200,"1",68,72.94,68,8,8,4.94,-4.94,4.94,4.94,39.52,39.52
"1211",1211,"1",69,73.38,68,8,8,4.38,-5.38,4.38,5.38,35.04,43.04
"1212",1212,"1",67,74.79,68,10,10,7.79000000000001,-6.79000000000001,7.79000000000001,6.79000000000001,77.9000000000001,67.9000000000001
"1213",1213,"1",73,70.57,68,4,4,-2.43000000000001,-2.56999999999999,2.43000000000001,2.56999999999999,9.72000000000003,10.28
"1219",1219,"1",67,68.54,63,10,10,1.54000000000001,-5.54000000000001,1.54000000000001,5.54000000000001,15.4000000000001,55.4000000000001
"1220",1220,"1",68,73.71,68,6,6,5.70999999999999,-5.70999999999999,5.70999999999999,5.70999999999999,34.26,34.26
"1221",1221,"1",65,71.39,66,22,22,6.39,-5.39,6.39,5.39,140.58,118.58
"1222",1222,"1",67,75.25,67,4,4,8.25,-8.25,8.25,8.25,33,33
"1300",1300,"1",60,65.25,60,6,6,5.25,-5.25,5.25,5.25,31.5,31.5
"1320",1320,"1",60,61.57,60,2,2,1.57,-1.57,1.57,1.57,3.14,3.14
"1321",1321,"1",56,65.42,63,4,4,9.42,-2.42,9.42,2.42,37.68,9.68000000000001
"1322",1322,"1",57,61.57,60,1,1,4.57,-1.57,4.57,1.57,4.57,1.57
"1323",1323,"1",60,59.89,59,4,3,-0.109999999999999,-0.890000000000001,0.109999999999999,0.890000000000001,0.329999999999998,2.67
"1324",1324,"1",60,58.07,57,1,1,-1.93,-1.07,1.93,1.07,1.93,1.07
"1330",1330,"1",71,78.86,77,1,1,7.86,-1.86,7.86,1.86,7.86,1.86
"1345",1345,"1",71,65.01,59,2,2,-5.99,-6.01,5.99,6.01,11.98,12.02
"1346",1346,"1",65,65.01,59,7,7,0.0100000000000051,-6.01,0.0100000000000051,6.01,0.0700000000000358,42.07
"1349",1349,"1",60,65.01,59,2,2,5.01,-6.01,5.01,6.01,10.02,12.02
"1411",1411,"1",47,43.85,43,5,5,-3.15,-0.850000000000001,3.15,0.850000000000001,15.75,4.25000000000001
"1412",1412,"1",39,43.85,47,3,3,4.85,3.15,4.85,3.15,14.55,9.45
"1420",1420,"1",47,51.56,56,1,1,4.56,4.44,4.56,4.44,4.56,4.44
"1431",1431,"1",47,51.01,59,1,1,4.01,7.99,4.01,7.99,4.01,7.99
"2100",2100,"2",78,79.49,69,4,4,1.49,-10.49,1.49,10.49,5.95999999999998,41.96
"2120",2120,"2",76,81.78,73,1,1,5.78,-8.78,5.78,8.78,5.78,8.78
"2132",2132,"2",65,78.17,64,4,4,13.17,-14.17,13.17,14.17,52.68,56.68
"2133",2133,"2",78,80.46,67,1,1,2.45999999999999,-13.46,2.45999999999999,13.46,2.45999999999999,13.46
"2140",2140,"2",78,79.05,72,6,6,1.05,-7.05,1.05,7.05,6.29999999999998,42.3
"2141",2141,"2",75,79.05,65,3,3,4.05,-14.05,4.05,14.05,12.15,42.15
"2142",2142,"2",73,81.4,76,8,8,8.40000000000001,-5.40000000000001,8.40000000000001,5.40000000000001,67.2,43.2
"2143",2143,"2",76,79.05,72,2,2,3.05,-7.05,3.05,7.05,6.09999999999999,14.1
"2144",2144,"2",75,77.1,69,6,5,2.09999999999999,-8.09999999999999,2.09999999999999,8.09999999999999,10.5,40.5
"2145",2145,"2",75,82.31,71,2,2,7.31,-11.31,7.31,11.31,14.62,22.62
"2149",2149,"2",75,78.69,70,2,2,3.69,-8.69,3.69,8.69,7.38,17.38
"2150",2150,"2",78,80.75,74,2,2,2.75,-6.75,2.75,6.75,5.5,13.5
"2151",2151,"2",76,80.78,74,2,1,4.78,-6.78,4.78,6.78,4.78,6.78
"2152",2152,"2",76,80.75,75,5,5,4.75,-5.75,4.75,5.75,23.75,28.75
"2153",2153,"2",78,80.75,74,2,2,2.75,-6.75,2.75,6.75,5.5,13.5
"2160",2160,"2",78,79.74,60,1,1,1.74,-19.74,1.74,19.74,1.74,19.74
"2161",2161,"2",76,79.74,71,4,4,3.74,-8.74,3.74,8.74,14.96,34.96
"2163",2163,"2",78,79.74,51,5,4,1.74,-28.74,1.74,28.74,6.95999999999998,114.96
"2164",2164,"2",75,79.74,60,2,2,4.74,-19.74,4.74,19.74,9.47999999999999,39.48
"2165",2165,"2",73,72.96,67,1,1,-0.0400000000000063,-5.95999999999999,0.0400000000000063,5.95999999999999,0.0400000000000063,5.95999999999999
"2166",2166,"2",67,79.74,60,6,6,12.74,-19.74,12.74,19.74,76.44,118.44
"2200",2200,"2",75,76.98,66,3,3,1.98,-10.98,1.98,10.98,5.94000000000001,32.94
"2210",2210,"2",75,88.7,89,9,8,13.7,0.299999999999997,13.7,0.299999999999997,109.6,2.39999999999998
"2211",2211,"2",88,88.7,89,1,1,0.700000000000003,0.299999999999997,0.700000000000003,0.299999999999997,0.700000000000003,0.299999999999997
"2212",2212,"2",88,81.92,89,12,12,-6.08,7.08,6.08,7.08,72.96,84.96
"2221",2221,"2",60,68.7,42,33,33,8.7,-26.7,8.7,26.7,287.1,881.1
"2230",2230,"2",60,76.98,49,6,6,16.98,-27.98,16.98,27.98,101.88,167.88
"2260",2260,"2",75,75.43,66,1,1,0.430000000000007,-9.43000000000001,0.430000000000007,9.43000000000001,0.430000000000007,9.43000000000001
"2261",2261,"2",76,88.31,86,1,1,12.31,-2.31,12.31,2.31,12.31,2.31
"2262",2262,"2",73,81.13,69,3,2,8.13,-12.13,8.13,12.13,16.26,24.26
"2300",2300,"2",70,75.54,63,32,32,5.54000000000001,-12.54,5.54000000000001,12.54,177.28,401.28
"2310",2310,"2",77,85.41,76,16,15,8.41,-9.41,8.41,9.41,126.15,141.15
"2320",2320,"2",71,72.3,65,8,8,1.3,-7.3,1.3,7.3,10.4,58.4
"2330",2330,"2",71,82.41,71,69,69,11.41,-11.41,11.41,11.41,787.29,787.29
"2341",2341,"2",67,76.49,61,56,56,9.49,-15.49,9.49,15.49,531.44,867.44
"2342",2342,"2",65,58.77,47,21,21,-6.23,-11.77,6.23,11.77,130.83,247.17
"2350",2350,"2",70,68.88,56,17,16,-1.12,-12.88,1.12,12.88,17.9200000000001,206.08
"2354",2354,"2",70,68.88,54,2,2,-1.12,-14.88,1.12,14.88,2.24000000000001,29.76
"2355",2355,"2",70,68.88,54,1,1,-1.12,-14.88,1.12,14.88,1.12,14.88
"2356",2356,"2",70,68.88,54,2,2,-1.12,-14.88,1.12,14.88,2.24000000000001,29.76
"2410",2410,"2",70,75.5,66,6,6,5.5,-9.5,5.5,9.5,33,57
"2411",2411,"2",71,76.65,66,1,1,5.65000000000001,-10.65,5.65000000000001,10.65,5.65000000000001,10.65
"2412",2412,"2",71,75.5,66,5,5,4.5,-9.5,4.5,9.5,22.5,47.5
"2413",2413,"2",71,75.5,66,1,1,4.5,-9.5,4.5,9.5,4.5,9.5
"2420",2420,"2",70,70.09,59,2,2,0.0900000000000034,-11.09,0.0900000000000034,11.09,0.180000000000007,22.18
"2423",2423,"2",65,68.55,58,12,12,3.55,-10.55,3.55,10.55,42.6,126.6
"2424",2424,"2",70,70.09,59,2,2,0.0900000000000034,-11.09,0.0900000000000034,11.09,0.180000000000007,22.18
"2430",2430,"2",70,73.91,64,2,2,3.91,-9.91,3.91,9.91,7.81999999999999,19.82
"2431",2431,"2",65,73.91,64,4,4,8.91,-9.91,8.91,9.91,35.64,39.64
"2433",2433,"2",65,73.91,64,3,3,8.91,-9.91,8.91,9.91,26.73,29.73
"2500",2500,"2",71,75.13,69,3,3,4.13,-6.13,4.13,6.13,12.39,18.39
"2510",2510,"2",71,74.66,70,8,8,3.66,-4.66,3.66,4.66,29.28,37.28
"2512",2512,"2",71,74.66,70,15,15,3.66,-4.66,3.66,4.66,54.9,69.9
"2513",2513,"2",71,74.66,70,1,1,3.66,-4.66,3.66,4.66,3.66,4.66
"2523",2523,"2",71,75.13,68,9,9,4.13,-7.13,4.13,7.13,37.17,64.17
"2611",2611,"2",85,86.72,85,5,5,1.72,-1.72,1.72,1.72,8.59999999999999,8.59999999999999
"2612",2612,"2",85,88.96,88,3,3,3.95999999999999,-0.959999999999994,3.95999999999999,0.959999999999994,11.88,2.87999999999998
"2619",2619,"2",85,81.05,72,1,1,-3.95,-9.05,3.95,9.05,3.95,9.05
"2620",2620,"2",70,71.55,55,1,1,1.55,-16.55,1.55,16.55,1.55,16.55
"2621",2621,"2",67,77.19,55,1,1,10.19,-22.19,10.19,22.19,10.19,22.19
"2635",2635,"2",65,70.5,59,6,6,5.5,-11.5,5.5,11.5,33,69
"2641",2641,"2",65,72.83,65,13,13,7.83,-7.83,7.83,7.83,101.79,101.79
"2642",2642,"2",65,72.83,65,2,2,7.83,-7.83,7.83,7.83,15.66,15.66
"2643",2643,"2",65,80.92,68,2,2,15.92,-12.92,15.92,12.92,31.84,25.84
"2651",2651,"2",56,61.82,51,3,3,5.82,-10.82,5.82,10.82,17.46,32.46
"2654",2654,"2",56,63.31,63,4,4,7.31,-0.310000000000002,7.31,0.310000000000002,29.24,1.24000000000001
"2656",2656,"2",56,54,47,1,1,-2,-7,2,7,2,7
"3100",3100,"3",56,52.4,51,3,3,-3.6,-1.4,3.6,1.4,10.8,4.2
"3110",3110,"3",56,53.6,52,1,1,-2.4,-1.6,2.4,1.6,2.4,1.6
"3112",3112,"3",56,59.35,55,1,1,3.35,-4.35,3.35,4.35,3.35,4.35
"3116",3116,"3",56,59.45,52,2,2,3.45,-7.45,3.45,7.45,6.90000000000001,14.9
"3119",3119,"3",56,51.35,50,2,2,-4.65,-1.35,4.65,1.35,9.3,2.7
"3120",3120,"3",56,38.18,49,1,1,-17.82,10.82,17.82,10.82,17.82,10.82
"3123",3123,"3",56,37.83,49,2,2,-18.17,11.17,18.17,11.17,36.34,22.34
"3130",3130,"3",56,33.66,37,2,2,-22.34,3.34,22.34,3.34,44.68,6.68000000000001
"3132",3132,"3",56,37.22,38,2,2,-18.78,0.780000000000001,18.78,0.780000000000001,37.56,1.56
"3133",3133,"3",56,33.66,37,1,1,-22.34,3.34,22.34,3.34,22.34,3.34
"3134",3134,"3",56,33.66,37,4,4,-22.34,3.34,22.34,3.34,89.36,13.36
"3135",3135,"3",56,33.66,37,1,1,-22.34,3.34,22.34,3.34,22.34,3.34
"3139",3139,"3",56,31.46,35,1,1,-24.54,3.54,24.54,3.54,24.54,3.54
"3142",3142,"3",38,58.05,48,1,1,20.05,-10.05,20.05,10.05,20.05,10.05
"3153",3153,"3",65,73.71,74,1,1,8.70999999999999,0.290000000000006,8.70999999999999,0.290000000000006,8.70999999999999,0.290000000000006
"3211",3211,"3",56,57.04,51,2,2,1.04,-6.04,1.04,6.04,2.08,12.08
"3213",3213,"3",56,48.66,40,1,1,-7.34,-8.66,7.34,8.66,7.34,8.66
"3221",3221,"3",43,56,48,2,2,13,-8,13,8,26,16
"3253",3253,"3",50,53.15,45,3,3,3.15,-8.15,3.15,8.15,9.45,24.45
"3257",3257,"3",43,57.25,50,3,3,14.25,-7.25,14.25,7.25,42.75,21.75
"3259",3259,"3",43,61.91,45,1,1,18.91,-16.91,18.91,16.91,18.91,16.91
"3311",3311,"3",56,72.27,67,4,3,16.27,-5.27,16.27,5.27,48.81,15.81
"3312",3312,"3",56,59.76,51,6,6,3.76,-8.76,3.76,8.76,22.56,52.56
"3313",3313,"3",56,55.25,47,2,2,-0.75,-8.25,0.75,8.25,1.5,16.5
"3314",3314,"3",56,69.76,61,11,11,13.76,-8.76,13.76,8.76,151.36,96.3600000000001
"3315",3315,"3",56,57.68,52,1,1,1.68,-5.68,1.68,5.68,1.68,5.68
"3321",3321,"3",56,60.29,57,13,13,4.29,-3.29,4.29,3.29,55.77,42.77
"3322",3322,"3",56,57.03,55,16,16,1.03,-2.03,1.03,2.03,16.48,32.48
"3323",3323,"3",47,56.35,52,11,11,9.35,-4.35,9.35,4.35,102.85,47.85
"3324",3324,"3",47,61.18,54,1,1,14.18,-7.18,14.18,7.18,14.18,7.18
"3331",3331,"3",56,54.62,54,2,2,-1.38,-0.619999999999997,1.38,0.619999999999997,2.76,1.23999999999999
"3332",3332,"3",56,56.64,56,1,1,0.640000000000001,-0.640000000000001,0.640000000000001,0.640000000000001,0.640000000000001,0.640000000000001
"3333",3333,"3",50,60.44,55,1,1,10.44,-5.44,10.44,5.44,10.44,5.44
"3334",3334,"3",56,62.39,57,11,11,6.39,-5.39,6.39,5.39,70.29,59.29
"3339",3339,"3",56,59.89,57,2,2,3.89,-2.89,3.89,2.89,7.78,5.78
"3341",3341,"3",47,62.13,57,27,26,15.13,-5.13,15.13,5.13,393.38,133.38
"3342",3342,"3",47,57.99,47,1,1,10.99,-10.99,10.99,10.99,10.99,10.99
"3343",3343,"3",47,54.55,49,6,6,7.55,-5.55,7.55,5.55,45.3,33.3
"3350",3350,"3",50,61.6,55,1,1,11.6,-6.6,11.6,6.6,11.6,6.6
"3351",3351,"3",56,65.64,63,1,1,9.64,-2.64,9.64,2.64,9.64,2.64
"3352",3352,"3",56,67.11,61,5,5,11.11,-6.11,11.11,6.11,55.55,30.55
"3355",3355,"3",56,63.03,54,4,4,7.03,-9.03,7.03,9.03,28.12,36.12
"3359",3359,"3",56,64.4,55,96,94,8.40000000000001,-9.40000000000001,8.40000000000001,9.40000000000001,789.600000000001,883.600000000001
"3411",3411,"3",47,57,52,1,1,10,-5,10,5,10,5
"3412",3412,"3",47,52.72,42,36,36,5.72,-10.72,5.72,10.72,205.92,385.92
"3431",3431,"3",47,50.15,50,3,3,3.15,-0.149999999999999,3.15,0.149999999999999,9.45,0.449999999999996
"3432",3432,"3",47,57.64,47,3,3,10.64,-10.64,10.64,10.64,31.92,31.92
"3435",3435,"3",47,50.15,45,2,2,3.15,-5.15,3.15,5.15,6.3,10.3
"3510",3510,"3",47,62.45,58,8,8,15.45,-4.45,15.45,4.45,123.6,35.6
"3512",3512,"3",47,62.45,60,1,1,15.45,-2.45,15.45,2.45,15.45,2.45
"3513",3513,"3",47,62.45,50,7,6,15.45,-12.45,15.45,12.45,92.7,74.7
"4110",4110,"4",45,43.33,41,151,149,-1.67,-2.33,1.67,2.33,248.83,347.17
"4120",4120,"4",45,44.94,42,5,5,-0.0600000000000023,-2.94,0.0600000000000023,2.94,0.300000000000011,14.7
"4200",4200,"4",38,41.22,40,2,2,3.22,-1.22,3.22,1.22,6.44,2.44
"4211",4211,"4",38,48.1,44,25,23,10.1,-4.1,10.1,4.1,232.3,94.3
"4220",4220,"4",38,39.02,37,1,1,1.02,-2.02,1.02,2.02,1.02,2.02
"4222",4222,"4",38,39.02,37,8,8,1.02,-2.02,1.02,2.02,8.16000000000003,16.16
"4224",4224,"4",38,39.02,37,1,1,1.02,-2.02,1.02,2.02,1.02,2.02
"4226",4226,"4",38,39.02,37,6,6,1.02,-2.02,1.02,2.02,6.12000000000002,12.12
"4229",4229,"4",38,39.02,37,2,2,1.02,-2.02,1.02,2.02,2.04000000000001,4.04000000000001
"4310",4310,"4",45,50.57,47,1,1,5.57,-3.57,5.57,3.57,5.57,3.57
"4311",4311,"4",45,50.37,45,62,60,5.37,-5.37,5.37,5.37,322.2,322.2
"4312",4312,"4",45,57.38,52,21,21,12.38,-5.38,12.38,5.38,259.98,112.98
"4321",4321,"4",38,32.5,36,7,7,-5.5,3.5,5.5,3.5,38.5,24.5
"4323",4323,"4",38,41.27,41,5,5,3.27,-0.270000000000003,3.27,0.270000000000003,16.35,1.35000000000002
"4411",4411,"4",38,42.3,42,2,2,4.3,-0.299999999999997,4.3,0.299999999999997,8.59999999999999,0.599999999999994
"4413",4413,"4",38,51.77,42,3,3,13.77,-9.77,13.77,9.77,41.31,29.31
"4415",4415,"4",38,42.3,40,2,2,4.3,-2.3,4.3,2.3,8.59999999999999,4.59999999999999
"4416",4416,"4",38,42.3,40,15,15,4.3,-2.3,4.3,2.3,64.5,34.5
"4419",4419,"4",38,44.72,40,9,9,6.72,-4.72,6.72,4.72,60.48,42.48
"5113",5113,"5",36,47.42,41,2,2,11.42,-6.42,11.42,6.42,22.84,12.84
"5131",5131,"5",30,25.04,28,10,10,-4.96,2.96,4.96,2.96,49.6,29.6
"5141",5141,"5",30,31.08,32,6,6,1.08,0.920000000000002,1.08,0.920000000000002,6.47999999999999,5.52000000000001
"5153",5153,"5",30,21.82,26,1,1,-8.18,4.18,8.18,4.18,8.18,4.18
"5164",5164,"5",30,30.59,33,1,1,0.59,2.41,0.59,2.41,0.59,2.41
"5200",5200,"5",30,29.73,33,25,25,-0.27,3.27,0.27,3.27,6.74999999999999,81.75
"5211",5211,"5",30,28.84,31,1,1,-1.16,2.16,1.16,2.16,1.16,2.16
"5220",5220,"5",30,29.47,33,14,14,-0.530000000000001,3.53,0.530000000000001,3.53,7.42000000000002,49.42
"5221",5221,"5",30,35.34,45,71,69,5.34,9.66,5.34,9.66,368.46,666.54
"5222",5222,"5",36,44.14,40,4,3,8.14,-4.14,8.14,4.14,24.42,12.42
"5223",5223,"5",30,28.48,31,43,42,-1.52,2.52,1.52,2.52,63.84,105.84
"5230",5230,"5",30,30.9,31,8,8,0.899999999999999,0.100000000000001,0.899999999999999,0.100000000000001,7.19999999999999,0.800000000000011
"5240",5240,"5",30,39.04,35,5,5,9.04,-4.04,9.04,4.04,45.2,20.2
"5244",5244,"5",30,38.88,35,2,2,8.88,-3.88,8.88,3.88,17.76,7.76
"5245",5245,"5",30,39.04,17,1,1,9.04,-22.04,9.04,22.04,9.04,22.04
"5246",5246,"5",30,39.04,25,1,1,9.04,-14.04,9.04,14.04,9.04,14.04
"5249",5249,"5",30,39.04,25,19,19,9.04,-14.04,9.04,14.04,171.76,266.76
"5311",5311,"5",30,24.98,26,1,1,-5.02,1.02,5.02,1.02,5.02,1.02
"5410",5410,"5",38,36.86,40,3,3,-1.14,3.14,1.14,3.14,3.42,9.42
"5411",5411,"5",35,46.38,49,1,1,11.38,2.62,11.38,2.62,11.38,2.62
"5412",5412,"5",50,51.5,53,24,24,1.5,1.5,1.5,1.5,36,36
"5414",5414,"5",35,23.8,27,2,2,-11.2,3.2,11.2,3.2,22.4,6.4
"7000",7000,"7",30,28.53,35,6,6,-1.47,6.47,1.47,6.47,8.81999999999999,38.82
"7111",7111,"7",30,33.76,40,2,2,3.76,6.24,3.76,6.24,7.52,12.48
"7120",7120,"7",30,25.26,36,4,4,-4.74,10.74,4.74,10.74,18.96,42.96
"7124",7124,"7",30,27.81,39,1,1,-2.19,11.19,2.19,11.19,2.19,11.19
"7126",7126,"7",30,29.16,38,1,1,-0.84,8.84,0.84,8.84,0.84,8.84
"7127",7127,"7",30,25.26,38,1,1,-4.74,12.74,4.74,12.74,4.74,12.74
"7200",7200,"7",30,29.81,38,1,1,-0.190000000000001,8.19,0.190000000000001,8.19,0.190000000000001,8.19
"7210",7210,"7",30,27.61,37,1,1,-2.39,9.39,2.39,9.39,2.39,9.39
"7212",7212,"7",30,28.52,37,2,2,-1.48,8.48,1.48,8.48,2.96,16.96
"7214",7214,"7",30,26.6,38,1,1,-3.4,11.4,3.4,11.4,3.4,11.4
"7221",7221,"7",30,25.63,34,2,2,-4.37,8.37,4.37,8.37,8.74,16.74
"7222",7222,"7",30,33.16,40,2,2,3.16,6.84,3.16,6.84,6.31999999999999,13.68
"7230",7230,"7",30,31.15,39,5,5,1.15,7.85,1.15,7.85,5.74999999999999,39.25
"7231",7231,"7",30,30.78,38,6,6,0.780000000000001,7.22,0.780000000000001,7.22,4.68000000000001,43.32
"7310",7310,"7",30,30.35,31,1,1,0.350000000000001,0.649999999999999,0.350000000000001,0.649999999999999,0.350000000000001,0.649999999999999
"7322",7322,"7",30,30.49,37,1,1,0.489999999999998,6.51,0.489999999999998,6.51,0.489999999999998,6.51
"7400",7400,"7",30,37.34,43,2,2,7.34,5.66,7.34,5.66,14.68,11.32
"7410",7410,"7",30,36.97,43,2,2,6.97,6.03,6.97,6.03,13.94,12.06
"7411",7411,"7",30,36.35,43,1,1,6.35,6.65,6.35,6.65,6.35,6.65
"7413",7413,"7",30,39.45,43,3,3,9.45,3.55,9.45,3.55,28.35,10.65
"7420",7420,"7",30,41.68,44,6,6,11.68,2.32,11.68,2.32,70.08,13.92
"7422",7422,"7",30,36.92,41,4,4,6.92,4.08,6.92,4.08,27.68,16.32
"7512",7512,"7",30,23.57,29,2,2,-6.43,5.43,6.43,5.43,12.86,10.86
"7513",7513,"7",30,27.3,34,1,1,-2.7,6.7,2.7,6.7,2.7,6.7
"7520",7520,"7",30,23.65,32,1,1,-6.35,8.35,6.35,8.35,6.35,8.35
"7542",7542,"7",30,27.3,49,1,1,-2.7,21.7,2.7,21.7,2.7,21.7
"7543",7543,"7",30,43.19,32,8,8,13.19,-11.19,13.19,11.19,105.52,89.52
"8100",8100,"8",25,23.41,29,1,1,-1.59,5.59,1.59,5.59,1.59,5.59
"8111",8111,"8",25,35.07,40,1,1,10.07,4.93,10.07,4.93,10.07,4.93
"8112",8112,"8",25,25.11,39,2,2,0.109999999999999,13.89,0.109999999999999,13.89,0.219999999999999,27.78
"8120",8120,"8",25,25.91,33,2,2,0.91,7.09,0.91,7.09,1.82,14.18
"8122",8122,"8",25,22.36,31,1,1,-2.64,8.64,2.64,8.64,2.64,8.64
"8141",8141,"8",25,23.09,29,1,1,-1.91,5.91,1.91,5.91,1.91,5.91
"8142",8142,"8",25,24.85,31,1,1,-0.149999999999999,6.15,0.149999999999999,6.15,0.149999999999999,6.15
"8152",8152,"8",25,18.03,20,2,2,-6.97,1.97,6.97,1.97,13.94,3.94
"8182",8182,"8",25,23.19,26,1,1,-1.81,2.81,1.81,2.81,1.81,2.81
"8211",8211,"8",25,27.91,33,1,1,2.91,5.09,2.91,5.09,2.91,5.09
"8212",8212,"8",25,23.88,27,1,1,-1.12,3.12,1.12,3.12,1.12,3.12
"8300",8300,"8",25,26.8,36,2,2,1.8,9.2,1.8,9.2,3.6,18.4
"8310",8310,"8",25,38.8,44,2,2,13.8,5.2,13.8,5.2,27.6,10.4
"8320",8320,"8",25,30.11,36,1,1,5.11,5.89,5.11,5.89,5.11,5.89
"8322",8322,"8",25,30.34,36,2,2,5.34,5.66,5.34,5.66,10.68,11.32
"8331",8331,"8",25,26.85,37,2,2,1.85,10.15,1.85,10.15,3.7,20.3
"8332",8332,"8",25,25.95,36,2,2,0.949999999999999,10.05,0.949999999999999,10.05,1.9,20.1
"8342",8342,"8",25,24.45,35,1,1,-0.550000000000001,10.55,0.550000000000001,10.55,0.550000000000001,10.55
"8350",8350,"8",25,37.92,44,1,1,12.92,6.08,12.92,6.08,12.92,6.08
"9111",9111,"9",16,16.38,17,3,3,0.379999999999999,0.620000000000001,0.379999999999999,0.620000000000001,1.14,1.86
"9112",9112,"9",16,14.21,16,1,1,-1.79,1.79,1.79,1.79,1.79,1.79
"9311",9311,"9",18,15.35,24,1,1,-2.65,8.65,2.65,8.65,2.65,8.65
"9312",9312,"9",18,17.56,23,2,2,-0.440000000000001,5.44,0.440000000000001,5.44,0.880000000000003,10.88
"9313",9313,"9",18,15.35,22,3,3,-2.65,6.65,2.65,6.65,7.95,19.95
"9321",9321,"9",18,17.55,23,1,1,-0.449999999999999,5.45,0.449999999999999,5.45,0.449999999999999,5.45
"9330",9330,"9",18,19.66,27,3,3,1.66,7.34,1.66,7.34,4.98,22.02
"9332",9332,"9",18,16.89,31,1,1,-1.11,14.11,1.11,14.11,1.11,14.11
"9613",9613,"9",16,13.87,17,1,1,-2.13,3.13,2.13,3.13,2.13,3.13
"9621",9621,"9",16,25.06,30,3,3,9.06,4.94,9.06,4.94,27.18,14.82
"9622",9622,"9",16,27.91,20,9,9,11.91,-7.91,11.91,7.91,107.19,71.19
"9623",9623,"9",16,30.99,34,2,2,14.99,3.01,14.99,3.01,29.98,6.02
"9629",9629,"9",16,27.91,20,2,2,11.91,-7.91,11.91,7.91,23.82,15.82
