"version","model","term","N","residual_df","estimate","se_classical","t_classical","p_classical","se_hc3","t_hc3","p_hc3","outcome_sd","estimate_over_y_sd"
"historical_common","Model1","(Intercept)",1646,1641,38.4469853491411,1.81352713302734,21.2001158675587,2.33268296256712e-88,1.89036151914516,20.3384299562589,3.43725013014082e-82,16.343456333607,2.3524390780231
"historical_common","Model1","edu_bachelor",1646,1641,6.27421648130104,0.816783079044427,7.68161907643996,2.68383110474201e-14,0.827708904828952,7.58022107131687,5.73679006252844e-14,16.343456333607,0.383897772492554
"historical_common","Model1","edu_postgrad",1646,1641,16.1993986384801,1.49431679031622,10.8406723015219,1.70375405338284e-26,1.40404520035493,11.5376617749806,1.14818940334446e-29,16.343456333607,0.991185604061569
"historical_common","Model1","female",1646,1641,0.942657767125949,0.775558234582253,1.21545710572424,0.224366632998584,0.778223128388391,1.21129497793015,0.225956776086234,16.343456333607,0.0576779934356704
"historical_common","Model1","age",1646,1641,0.229997001749924,0.0411642909650834,5.58729414154159,2.6954909250368e-08,0.0421856327799177,5.45202208889025,5.73904503142397e-08,16.343456333607,0.0140727271548419
"historical_common","Model2","(Intercept)",1646,1640,36.6368445080402,2.18825749040404,16.7424741689222,3.29728119227513e-58,2.2842715007142,16.038743422831,6.88846512918064e-54,16.343456333607,2.24168277261548
"historical_common","Model2","edu_bachelor",1646,1640,6.07212803529118,0.827873789272264,7.33460596769085,3.47971449977601e-13,0.835749225597094,7.26549047168186,5.7228203385548e-13,16.343456333607,0.371532674077336
"historical_common","Model2","edu_postgrad",1646,1640,15.7606445455241,1.52302920300497,10.3482221578076,2.35010112061339e-24,1.42909304580013,11.0284243505642,2.47789116754242e-27,16.343456333607,0.964339746979686
"historical_common","Model2","female",1646,1640,0.917547422447805,0.775465553912036,1.18322137949133,0.236892910764804,0.778328229500883,1.17886951503249,0.23862114126584,16.343456333607,0.0561415776270687
"historical_common","Model2","age",1646,1640,0.243204924303156,0.0421099152698989,5.77547883305774,9.16191434579188e-09,0.0429057489873659,5.66835284415546,1.7002826124111e-08,16.343456333607,0.0148808746044161
"historical_common","Model2","par_edu_yrs",1646,1640,0.149307953522547,0.101087920089575,1.47701083759803,0.139864724779616,0.106638939190277,1.40012602015982,0.161664730738578,16.343456333607,0.00913564123003316
"historical_common","Model3","(Intercept)",1646,1639,32.8019142455018,2.4226319324467,13.5397844823972,1.13601439389318e-39,2.47735194660415,13.2407162779053,4.28236820794899e-38,16.343456333607,2.00703655187375
"historical_common","Model3","edu_bachelor",1646,1639,6.20533350148272,0.825632765983746,7.51585178925043,9.25359493161688e-14,0.835089182025355,7.43074348829765,1.73004046698565e-13,16.343456333607,0.379683059373599
"historical_common","Model3","edu_postgrad",1646,1639,15.8990334550012,1.51788440134793,10.4744692289363,6.7802839448102e-25,1.41907867541321,11.2037716657054,3.99211179765511e-28,16.343456333607,0.972807289380283
"historical_common","Model3","female",1646,1639,1.06221415702832,0.773629320349453,1.37302727428753,0.16993168022872,0.777637763914434,1.36594981149244,0.172142112938399,16.343456333607,0.064993238599359
"historical_common","Model3","age",1646,1639,0.271926208532314,0.04269391122958,6.36920349297753,2.46198037962124e-10,0.0432655947873892,6.2850449616741,4.19184964468002e-10,16.343456333607,0.0166382314108891
"historical_common","Model3","par_edu_yrs",1646,1639,0.280678643459584,0.107018842536361,2.62270303815161,0.00880437807522255,0.111325761566676,2.5212371288516,0.0117884788667989,16.343456333607,0.0171737628644943
"historical_common","Model3","rural_origin",1646,1639,3.02452982446734,0.833156998952855,3.6302039450772,0.000291897901700492,0.827300579031318,3.65590197943382,0.000264366370052751,16.343456333607,0.185060599345073
"historical_common","Model4","(Intercept)",1646,1637,33.5618226921179,2.46966127659796,13.5896460822961,6.19860456345052e-40,2.5173215041874,13.3323545031058,1.42529551547587e-38,16.343456333607,2.05353274160894
"historical_common","Model4","edu_bachelor",1646,1637,5.15911611346708,1.11245688855194,4.63758745759809,3.8050279591684e-06,1.09560591409715,4.70891590405343,2.70058275917247e-06,16.343456333607,0.315668608166953
"historical_common","Model4","edu_postgrad",1646,1637,14.1155297823308,1.91969467932446,7.35300771229835,3.0483004671424e-13,1.86037368036825,7.58747015789684,5.44181076864533e-14,16.343456333607,0.863680820886408
"historical_common","Model4","female",1646,1637,1.049302814535,0.77342915806189,1.35668897868347,0.175067112567742,0.777720526056545,1.34920293264667,0.177458371047154,16.343456333607,0.0642032378657459
"historical_common","Model4","age",1646,1637,0.266895458988893,0.0427799994098151,6.23879061876889,5.60232293965241e-10,0.0433676275776295,6.15425546419715,9.46591812346362e-10,16.343456333607,0.016330417112571
"historical_common","Model4","par_edu_yrs",1646,1637,0.29431583300128,0.107294199396007,2.74307310794131,0.00615307379568771,0.111927212987203,2.62952882633583,0.00863041199051364,16.343456333607,0.0180081756877876
"historical_common","Model4","rural_origin",1646,1637,1.65083043174702,1.20570540033681,1.36918224906837,0.171130130637359,1.23529719728373,1.33638320832995,0.18160977045482,16.343456333607,0.1010086482351
"historical_common","Model4","bach_x_rural",1646,1637,2.20472214492619,1.62639722495859,1.35558651422461,0.17541775229838,1.65618742892437,1.33120328437589,0.18330748823695,16.343456333607,0.134899381129843
"historical_common","Model4","post_x_rural",1646,1637,4.3800698704589,3.09010328088868,1.41745096273909,0.156541421484125,2.82182241087874,1.55221315614079,0.120804526001175,16.343456333607,0.26800144235416
"historical_common","Model5","(Intercept)",1646,1637,48.858706066032,1.55628326252155,31.3944814820337,9.37031924364025e-170,1.61068137124513,30.3341846117348,9.22452412008084e-161,16.343456333607,2.98949653419173
"historical_common","Model5","edu_bachelor",1646,1637,6.18387695290864,0.828886612121567,7.46046185627341,1.39229931873185e-13,0.83712544917924,7.38703734186032,2.38101440144849e-13,16.343456333607,0.37837020680826
"historical_common","Model5","edu_postgrad",1646,1637,15.9710300544281,1.52296109068671,10.4868273733945,6.01137046742598e-25,1.42014262303581,11.2460747219086,2.56682637024977e-28,16.343456333607,0.977212514196702
"historical_common","Model5","female",1646,1637,1.09831283257665,0.777309641484486,1.41296694902577,0.157855542318256,0.77976816231691,1.4085120240268,0.159169404356649,16.343456333607,0.0672019926604015
"historical_common","Model5","par_edu_yrs",1646,1637,0.259678736929846,0.106700948893305,2.43370597565643,0.0150514930053899,0.111118454126925,2.33695418974447,0.0195616026471343,16.343456333607,0.0158888506585887
"historical_common","Model5","rural_origin",1646,1637,2.91848875680422,0.833799700979947,3.50022763665444,0.000477319328587295,0.827090495022298,3.52862083939864,0.000429272747803216,16.343456333607,0.178572310362707
"historical_common","Model5","cohort2",1646,1637,-3.54184236325777,1.49150446065292,-2.37467768732472,0.0176789641629391,1.49332822479301,-2.37177755328954,0.0178178401276424,16.343456333607,-0.216713178103869
"historical_common","Model5","cohort3",1646,1637,-5.80916807420377,1.43258057353204,-4.05503758848358,5.24813774189837e-05,1.41126987692712,-4.11627015440348,4.04224426041413e-05,16.343456333607,-0.355443056574171
"historical_common","Model5","cohort4",1646,1637,-7.88525728965804,1.42177880869487,-5.54605065248959,3.40122870200528e-08,1.41327147685091,-5.5794356702282,2.81881382156017e-08,16.343456333607,-0.482471830236033
"historical_common","Model6","(Intercept)",1646,1631,48.9497306453245,1.7610988357912,27.7949934725458,1.62286320651392e-139,1.85160764852028,26.4363407034114,1.78718406968357e-128,16.343456333607,2.99506601578941
"historical_common","Model6","edu_bachelor",1646,1631,5.87312464614316,2.52188992154857,2.32885844697645,0.0199881981503605,2.48840294516512,2.36019839855697,0.0183823305590833,16.343456333607,0.359356339703143
"historical_common","Model6","edu_postgrad",1646,1631,15.7635299614951,11.1631394167407,1.41210544570065,0.158109675555544,1.6657514457671,9.46331459087275,1.00312654101834e-20,16.343456333607,0.964516295679798
"historical_common","Model6","female",1646,1631,1.16661866875588,0.777959111183068,1.49958866987464,0.133914515275754,0.781254904669293,1.49326252134021,0.135561895294259,16.343456333607,0.0713813923409189
"historical_common","Model6","par_edu_yrs",1646,1631,0.258030117634771,0.106775964932236,2.41655617721204,0.0157772792688781,0.111384903818186,2.31656273686741,0.0206509474371005,16.343456333607,0.0157879773022176
"historical_common","Model6","rural_origin",1646,1631,2.95610717674094,0.83754374510575,3.52949585501077,0.000427909193947317,0.82875220805487,3.5669373161359,0.00037161096027137,16.343456333607,0.180874052366898
"historical_common","Model6","cohort2",1646,1631,-2.25180160016177,1.92768151384539,-1.16813985297282,0.242921079205092,1.98608066568688,-1.13379161232758,0.257048590228688,16.343456333607,-0.13778001141236
"historical_common","Model6","cohort3",1646,1631,-6.87838879223513,1.90713007289961,-3.60666998542853,0.000319494414907268,1.95014427559706,-3.52711790522742,0.000431741282701185,16.343456333607,-0.420865002593798
"historical_common","Model6","cohort4",1646,1631,-8.35416731505538,1.87247139593851,-4.46157272852125,8.69288219417043e-06,1.9297698666962,-4.32910030321794,1.58824315866629e-05,16.343456333607,-0.511162825324576
"historical_common","Model6","bach_x_c2",1646,1631,-2.65544882167798,3.08006273636689,-0.862141147426832,0.388736590060393,3.09431305487828,-0.858170706901031,0.390924299892208,16.343456333607,-0.162477799522589
"historical_common","Model6","bach_x_c3",1646,1631,1.39729379761082,2.91133602015738,0.47994933870096,0.631327773094501,2.8817042839277,0.484884519693443,0.627823378249432,16.343456333607,0.0854956117658889
"historical_common","Model6","bach_x_c4",1646,1631,1.22795496645457,2.85191109893961,0.430572666487096,0.66683600965157,2.84840257452159,0.431103025056357,0.666450430522067,16.343456333607,0.0751343498822544
"historical_common","Model6","post_x_c2",1646,1631,-2.68415249421174,11.7200369985705,-0.229022527363959,0.818880120333449,3.29491938075359,-0.81463373880724,0.415400919743851,16.343456333607,-0.164234078729866
"historical_common","Model6","post_x_c3",1646,1631,4.4788152808565,11.4620802766378,0.390750646720324,0.696032590614653,2.89413382281792,1.5475494759588,0.121924805358647,16.343456333607,0.274043335108176
"historical_common","Model6","post_x_c4",1646,1631,-1.10070716453512,11.3660186325608,-0.0968419285695934,0.922863824202955,2.71831784907154,-0.404922170860584,0.685587820887057,16.343456333607,-0.0673484936152546
"historical_common","Model7","(Intercept)",1646,1639,32.8841504822617,2.40258697768707,13.6869760752298,1.85947420434759e-40,2.47814873095023,13.2696436140266,3.02299102269369e-38,16.343456333607,2.0120683049547
"historical_common","Model7","edu_bachelor",1646,1639,6.17926244226146,0.825168027999749,7.48848989852445,1.1323469723906e-13,0.834731851471423,7.4026915725918,2.12330776479423e-13,16.343456333607,0.378087860739412
"historical_common","Model7","edu_postgrad",1646,1639,15.8592653780317,1.51735591123843,10.4519086527878,8.47633186714784e-25,1.4193316850334,11.173755609957,5.46728593804797e-28,16.343456333607,0.970374017240183
"historical_common","Model7","female",1646,1639,1.06687605224484,0.773504385615574,1.37927602232765,0.167997833284327,0.778037734100958,1.37123947269427,0.170488025706181,16.343456333607,0.065278483967374
"historical_common","Model7","age",1646,1639,0.269091118674592,0.0425217904577148,6.32831110303752,3.19105434307069e-10,0.0432358381175345,6.22379790448564,6.14965313207459e-10,16.343456333607,0.0164647619929244
"historical_common","Model7","par_edu_yrs",1646,1639,0.283297137106631,0.106964005321416,2.64852775712122,0.00816192212151959,0.111405509969135,2.5429364955568,0.0110837804516227,16.343456333607,0.0173339795037166
"historical_common","Model7","rural_origin_f",1646,1639,3.08883700019816,0.831702992892501,3.71387024766592,0.000210951336922134,0.827326870534022,3.73351466054086,0.000195280286377201,16.343456333607,0.188995334716721
"syntax_common","Model1","(Intercept)",1646,1641,39.1423724580388,1.98105774546273,19.7583197903684,4.01172682389668e-78,2.03932236689591,19.1938131476575,3.10239223586614e-74,17.9590195459262,2.1795383850405
"syntax_common","Model1","edu_bachelor",1646,1641,7.72222104649725,0.892236137875012,8.65490728148361,1.15632410098058e-17,0.906844922950454,8.51548136959593,3.691079018927e-17,17.9590195459262,0.429991237926401
"syntax_common","Model1","edu_postgrad",1646,1641,17.9396798567935,1.63235928358527,10.9900314454005,3.68008229382691e-27,1.41863106890281,12.6457683396631,4.80581182923185e-35,17.9590195459262,0.998923121104507
"syntax_common","Model1","female",1646,1641,1.34892109357546,0.84720301102515,1.5922052636985,0.11153118538021,0.849756364271012,1.58742099534926,0.11260997607371,17.9590195459262,0.0751110655081082
"syntax_common","Model1","age",1646,1641,0.299799552884338,0.0449669795216846,6.66710453033128,3.55331437211533e-11,0.0457072075661599,6.55913079901865,7.23274146472202e-11,17.9590195459262,0.0166935367555933
"syntax_common","Model2","(Intercept)",1646,1640,37.2368490462045,2.39051848467622,15.5768923289661,3.98519712011734e-51,2.45019060955345,15.1975315312268,6.68300460544072e-49,17.9590195459262,2.07343440720578
"syntax_common","Model2","edu_bachelor",1646,1640,7.50948386252279,0.904394297706199,8.30332951188324,2.09098819781435e-16,0.915904268346325,8.19898336764086,4.8360125199628e-16,17.9590195459262,0.418145536470905
"syntax_common","Model2","edu_postgrad",1646,1640,17.4778062958073,1.6638030389252,10.5047327639802,5.01697358450418e-25,1.45761192893488,11.9907129935325,8.14643693385691e-32,17.9590195459262,0.973204926422164
"syntax_common","Model2","female",1646,1640,1.32248759813854,0.847141960663014,1.56111686063041,0.118689116314016,0.849507487591107,1.55676979597747,0.119718093293479,17.9590195459262,0.0736391869698993
"syntax_common","Model2","age",1646,1640,0.313703446479474,0.0460021415588783,6.81932266301045,1.28178487655359e-11,0.0462484750079606,6.78300087571486,1.63802706118414e-11,17.9590195459262,0.0174677379061394
"syntax_common","Model2","par_edu_yrs",1646,1640,0.157175505104469,0.110431492916761,1.42328516035677,0.154843708649549,0.115612165376918,1.35950662797507,0.17417299363883,17.9590195459262,0.00875189788075722
"syntax_common","Model3","(Intercept)",1646,1639,32.4228784041651,2.64314502882264,12.2667799347384,3.70164747723025e-33,2.6792979011247,12.101259210689,2.38138891815493e-32,17.9590195459262,1.8053813194674
"syntax_common","Model3","edu_bachelor",1646,1639,7.67669608274731,0.900783611334258,8.52224217465107,3.49374858003944e-17,0.914102041851376,8.39807344396619,9.69087520837031e-17,17.9590195459262,0.427456302005566
"syntax_common","Model3","edu_postgrad",1646,1639,17.6515252689826,1.65604545866708,10.6588410219065,1.07686057250276e-25,1.4483231577472,12.1875599202865,9.04577437928951e-33,17.9590195459262,0.982878003102712
"syntax_common","Model3","female",1646,1639,1.5040870968187,0.844046701790135,1.78199511191583,0.0749351182897124,0.847756295577945,1.77419749598357,0.0762160984723842,17.9590195459262,0.0837510696490042
"syntax_common","Model3","age",1646,1639,0.349757144882145,0.046580001574359,7.50874051225186,9.75266079533874e-14,0.0466363793634534,7.49966334556907,1.04283108501214e-13,17.9590195459262,0.0194752917322529
"syntax_common","Model3","par_edu_yrs",1646,1639,0.322084538981599,0.116759924548118,2.75851958819026,0.00587090411207467,0.121770888517127,2.64500442514467,0.00824702560635685,17.9590195459262,0.0179344166399473
"syntax_common","Model3","rural_origin",1646,1639,3.79667863147041,0.908992715945505,4.17679764080532,3.11199849903485e-05,0.912989432860763,4.15851322569406,3.36897972573669e-05,17.9590195459262,0.21140790129223
"syntax_common","Model4","(Intercept)",1646,1637,33.1694952924889,2.69517419411858,12.3069949856568,2.3566216293851e-33,2.72562875382046,12.16948392036,1.11250726400445e-32,17.9590195459262,1.84695468523018
"syntax_common","Model4","edu_bachelor",1646,1637,6.60120313482475,1.21403899656428,5.43738969959457,6.22373725990997e-08,1.19670138977787,5.51616567943493,4.0204717122051e-08,17.9590195459262,0.367570351930606
"syntax_common","Model4","edu_postgrad",1646,1637,16.2139124390758,2.09498833274386,7.73938078110444,1.73631372554181e-14,1.90371930560684,8.51696591578528,3.653000301021e-17,17.9590195459262,0.902828375324851
"syntax_common","Model4","female",1646,1637,1.49224912903909,0.844053525695949,1.76795556633531,0.0772545748810961,0.848083203502467,1.75955510364586,0.078670041496754,17.9590195459262,0.0830919040553966
"syntax_common","Model4","age",1646,1637,0.345158664460151,0.0466863822688149,7.39313366524668,2.27768188021375e-13,0.0467776565203611,7.37870791603064,2.52968288123002e-13,17.9590195459262,0.0192192376414249
"syntax_common","Model4","par_edu_yrs",1646,1637,0.333778991661339,0.117091586660452,2.85058048303033,0.00441863607933913,0.122416326438108,2.72658885765612,0.00646754014233417,17.9590195459262,0.0185855909788267
"syntax_common","Model4","rural_origin",1646,1637,2.44848603562815,1.31580233754711,1.86083119459459,0.0629471912515108,1.35580815657331,1.80592366534841,0.0711138798462639,17.9590195459262,0.136337400233163
"syntax_common","Model4","bach_x_rural",1646,1637,2.29359073564166,1.7749089203572,1.29223010225228,0.196459852907227,1.82082990615627,1.25964030351598,0.207978707887695,17.9590195459262,0.127712469479545
"syntax_common","Model4","post_x_rural",1646,1637,3.41584036174403,3.37227080439344,1.01291994619585,0.311248087874244,2.84006532298365,1.20273302663176,0.229253576619875,17.9590195459262,0.190201940201066
"syntax_common","Model5","(Intercept)",1646,1637,52.1355095585302,1.69814605121529,30.7014284909234,7.2328292303756e-164,1.78220350842245,29.2533985665188,1.10204775245985e-151,17.9590195459262,2.90302649458146
"syntax_common","Model5","edu_bachelor",1646,1637,7.65678425722019,0.90444365828291,8.46573933832056,5.57226924336267e-17,0.917898937221928,8.34164192453897,1.53530163590835e-16,17.9590195459262,0.42634756522424
"syntax_common","Model5","edu_postgrad",1646,1637,17.7128022075442,1.66178640134822,10.658892257858,1.07871805486877e-25,1.45090208258162,12.2081306658733,7.20281687129268e-33,17.9590195459262,0.986290045636822
"syntax_common","Model5","female",1646,1637,1.48943768225881,0.848165195916685,1.75607026724204,0.0792633971747494,0.850322493974995,1.75161505524351,0.0800272766667531,17.9590195459262,0.0829353561562702
"syntax_common","Model5","par_edu_yrs",1646,1637,0.29520832506317,0.116427259347705,2.53556020056732,0.0113191237950502,0.121733361207456,2.42504045016946,0.0154142594577377,17.9590195459262,0.0164378865064566
"syntax_common","Model5","rural_origin",1646,1637,3.61722852583607,0.909804599086586,3.97583011722259,7.31879378564136e-05,0.911766393928858,3.96727555426693,7.58382115216907e-05,17.9590195459262,0.201415701819679
"syntax_common","Model5","cohort2",1646,1637,-2.62449377899289,1.62746234649083,-1.61262949318113,0.107017778403535,1.60880441641474,-1.63133178415909,0.103012680300952,17.9590195459262,-0.146137920963966
"syntax_common","Model5","cohort3",1646,1637,-6.61060190177862,1.56316726047002,-4.22897924550372,2.4773511483126e-05,1.52422443208867,-4.33702659700843,1.53235568264598e-05,17.9590195459262,-0.368093697146075
"syntax_common","Model5","cohort4",1646,1637,-9.28928692488727,1.55138086223126,-5.98775397520827,2.60957619218768e-09,1.51688902935725,-6.12390672297459,1.14091731697561e-09,17.9590195459262,-0.517249112688583
"syntax_common","Model6","(Intercept)",1646,1631,52.1384888192827,1.92240234618371,27.1215278751538,5.12374756763139e-134,2.05921954670496,25.3195386100095,1.45419574579696e-119,17.9590195459262,2.90319238675307
"syntax_common","Model6","edu_bachelor",1646,1631,7.74673824743409,2.7528762176621,2.81405251632166,0.00495083937880516,2.63619203432378,2.93860923125854,0.00334321296658458,17.9590195459262,0.431356412727516
"syntax_common","Model6","edu_postgrad",1646,1631,11.9054313851579,12.1855996775314,0.977008247457034,0.328709955731177,1.81585027670207,6.55639484042728,7.3760300372212e-11,17.9590195459262,0.662922124156746
"syntax_common","Model6","female",1646,1631,1.5572463203592,0.849214359909234,1.83374939694337,0.0668733259513237,0.852774092886171,1.82609478096219,0.0680187254036798,17.9590195459262,0.0867110989203442
"syntax_common","Model6","par_edu_yrs",1646,1631,0.295600655395908,0.116555846457953,2.5361289405808,0.0113011700024367,0.121888949499786,2.4251636970292,0.0154094426041319,17.9590195459262,0.0164597323723589
"syntax_common","Model6","rural_origin",1646,1631,3.64489688586644,0.91425650162299,3.98673335042848,6.99480023600258e-05,0.914182913105095,3.98705426847922,6.98544085481133e-05,17.9590195459262,0.202956340492053
"syntax_common","Model6","cohort2",1646,1631,-1.07267524890147,2.10424275435198,-0.50976782345239,0.610283099198344,2.15696530467174,-0.497307604613844,0.619039181957061,17.9590195459262,-0.0597290540365158
"syntax_common","Model6","cohort3",1646,1631,-7.91628542814164,2.08180895478963,-3.80259937393804,0.000148460584663578,2.15147434494952,-3.67947005583624,0.000241313999910459,17.9590195459262,-0.440797194295462
"syntax_common","Model6","cohort4",1646,1631,-9.52596963142693,2.04397580167435,-4.66050998432741,3.41076904921111e-06,2.09732388792768,-4.54196401722166,5.98251612981716e-06,17.9590195459262,-0.530428156563133
"syntax_common","Model6","bach_x_c2",1646,1631,-3.48112606856163,3.36217349671041,-1.03537966496006,0.300645123413367,3.31568586889681,-1.04989622244277,0.293921366864951,17.9590195459262,-0.193837200280306
"syntax_common","Model6","bach_x_c3",1646,1631,1.71072139154683,3.1779926724926,0.538302497156187,0.590441678911782,3.09147435462963,0.553367485965052,0.580087641641297,17.9590195459262,0.0952569480294868
"syntax_common","Model6","bach_x_c4",1646,1631,0.363974699828303,3.11312487197561,0.116916190257837,0.906940862628619,3.04372315760796,0.119582064787505,0.904828955170202,17.9590195459262,0.0202669582767321
"syntax_common","Model6","post_x_c2",1646,1631,2.75056343110328,12.7935049217664,0.214996863480591,0.829796642831748,3.43643425417145,0.800412063104191,0.423588663552963,17.9590195459262,0.153157772564884
"syntax_common","Model6","post_x_c3",1646,1631,9.17242628577955,12.5119212892189,0.733094947910448,0.463605869639958,2.95351063522098,3.10560123820014,0.00193161818617659,17.9590195459262,0.510742040361563
"syntax_common","Model6","post_x_c4",1646,1631,5.27037744608603,12.4070611154462,0.424788545574636,0.671046858797327,2.86412693660009,1.84013403132975,0.065930161198171,17.9590195459262,0.293466880672868
"syntax_common","Model7","(Intercept)",1646,1639,32.5515019517391,2.62127469187952,12.4181956406861,6.62189136033519e-34,2.67425210040546,12.1721889820349,1.07522577514992e-32,17.9590195459262,1.81254337791079
"syntax_common","Model7","edu_bachelor",1646,1639,7.64324427010394,0.900276280705618,8.4898874200188,4.56352728516851e-17,0.913644050103796,8.36566961634087,1.26193307227558e-16,17.9590195459262,0.42559362723327
"syntax_common","Model7","edu_postgrad",1646,1639,17.6009372592883,1.6554683287812,10.6319987844446,1.41006105912207e-25,1.44997201607261,12.138811690285,1.56389615759932e-32,17.9590195459262,0.980061145001696
"syntax_common","Model7","female",1646,1639,1.50892871402326,0.843910122256562,1.78802063659158,0.073957354452995,0.848346187084435,1.77867094471078,0.0754790388116605,17.9590195459262,0.0840206621616789
"syntax_common","Model7","age",1646,1639,0.346023109300856,0.0463921989985618,7.45864858252532,1.41014662772341e-13,0.0465496718540013,7.43341672495833,1.69653651240604e-13,17.9590195459262,0.0192673719417688
"syntax_common","Model7","par_edu_yrs",1646,1639,0.324464878467452,0.116700058185203,2.7803317625817,0.0054924245518263,0.121816347542561,2.6635577655461,0.00780765293024599,17.9590195459262,0.018066959481708
"syntax_common","Model7","rural_origin_f",1646,1639,3.85650238595024,0.907406069655937,4.25002930321209,2.2577761731021e-05,0.912617566161974,4.22575953930934,2.51248991795984e-05,17.9590195459262,0.214739027155023
"overview_common","Model1","(Intercept)",1646,1641,38.1266307237669,1.54714951805805,24.6431455258588,2.40129313733129e-114,1.60262497554621,23.7901139103192,1.00174201903671e-107,14.1914405752258,2.68659340971522
"overview_common","Model1","edu_bachelor",1646,1641,6.31255245430109,0.696810940452857,9.05920399326475,3.6346405555291e-19,0.701253990400154,9.00180610836735,5.9907155923619e-19,14.1914405752258,0.444814070907008
"overview_common","Model1","edu_postgrad",1646,1641,15.26428970348,1.27482597853634,11.9736261736722,9.82959579394818e-32,1.248525826438,12.2258501828741,5.85484380650533e-33,14.1914405752258,1.07559832439612
"overview_common","Model1","female",1646,1641,-1.81630193217058,0.661641354577845,-2.74514571920834,0.00611436469226318,0.664887963003178,-2.73174133573824,0.0063675614353888,14.1914405752258,-0.127985733551343
"overview_common","Model1","age",1646,1641,0.262255043933071,0.0351179267009456,7.46783960700077,1.3173605615102e-13,0.0362892244362819,7.22680211569551,7.54466902806084e-13,14.1914405752258,0.0184798042554533
"overview_common","Model2","(Intercept)",1646,1640,36.5662526710454,1.86681203217797,19.5875385634751,6.18774138187221e-77,1.94213396059912,18.8278735725136,9.51456677048584e-72,14.1914405752258,2.57664135485156
"overview_common","Model2","edu_bachelor",1646,1640,6.13834812240469,0.70626274911225,8.69130947387555,8.52116640923328e-18,0.70837790105679,8.66535801476476,1.05979942927782e-17,14.1914405752258,0.432538760943021
"overview_common","Model2","edu_postgrad",1646,1640,14.8860747924382,1.29930287180378,11.4569705920624,2.7308583273077e-29,1.27385011414177,11.6858919484945,2.31685927668574e-30,14.1914405752258,1.04894740696198
"overview_common","Model2","female",1646,1640,-1.83794755766136,0.661553054396377,-2.77823153479107,0.00552784544237097,0.665073397370505,-2.76352589793554,0.00578197403130567,14.1914405752258,-0.129510992764885
"overview_common","Model2","age",1646,1640,0.2736405405785,0.0359241528223112,7.6171744934943,4.35538352292325e-14,0.0370042152793413,7.39484781700717,2.24756624730172e-13,14.1914405752258,0.0192820833887856
"overview_common","Model2","par_edu_yrs",1646,1640,0.128706478790701,0.0862385465872303,1.49244721628645,0.135774280934149,0.0902680431039971,1.42582551216292,0.154109021812732,14.1914405752258,0.00906930329648041
"overview_common","Model3","(Intercept)",1646,1639,32.9855060837312,2.06511274239696,15.9727386338458,1.73247045004932e-53,2.10844989358884,15.6444344179248,1.59288232698844e-51,14.1914405752258,2.32432401128567
"overview_common","Model3","edu_bachelor",1646,1639,6.26272457408005,0.70379025502711,8.89856676665523,1.46298471198572e-18,0.70758562094811,8.85083640576031,2.20263077259891e-18,14.1914405752258,0.441302948836143
"overview_common","Model3","edu_postgrad",1646,1639,15.0152911226992,1.29388306028949,11.6048285842306,5.58450172559633e-30,1.26372068661977,11.881811607328,2.72079460364127e-31,14.1914405752258,1.05805263694734
"overview_common","Model3","female",1646,1639,-1.70286950390708,0.659461202483223,-2.58221332429394,0.00990295679043989,0.664960130033271,-2.56085955683069,0.0105302315636144,14.1914405752258,-0.119992716375799
"overview_common","Model3","age",1646,1639,0.300458144405999,0.0363933699222427,8.25584838798801,3.06717670367597e-16,0.0372928238878782,8.05672816060628,1.49432695031527e-15,14.1914405752258,0.0211717861067968
"overview_common","Model3","par_edu_yrs",1646,1639,0.25136976533344,0.0912255685390938,2.75547491080549,0.0059255658518145,0.0936682438203899,2.68361778849451,0.00735632144845083,14.1914405752258,0.0177127729916481
"overview_common","Model3","rural_origin",1646,1639,2.82406044067749,0.710204101543851,3.97640683085117,7.30086833262936e-05,0.702375275571021,4.02072871711148,6.06530799241915e-05,14.1914405752258,0.198997446785458
"overview_common","Model4","(Intercept)",1646,1637,33.2944526494387,2.10639124230941,15.8063953080888,1.74360874783077e-52,2.13074275238921,15.6257495711791,2.07528350773013e-51,14.1914405752258,2.34609393408314
"overview_common","Model4","edu_bachelor",1646,1637,5.88873820808105,0.948822200719167,6.2063663809907,6.85605630935611e-10,0.93276198240092,6.31322708170792,3.51116973703892e-10,14.1914405752258,0.414949995870122
"overview_common","Model4","edu_postgrad",1646,1637,13.9504529645726,1.63732091471557,8.52029241133584,3.55391797629392e-17,1.63624812189208,8.52587867202004,3.39346268374301e-17,14.1914405752258,0.983018805640213
"overview_common","Model4","female",1646,1637,-1.70903370403753,0.659663096524922,-2.59076748879943,0.0096612750369318,0.665261318804891,-2.56896599235278,0.0102881600191969,14.1914405752258,-0.120427076798744
"overview_common","Model4","age",1646,1637,0.298041178778551,0.0364873583906889,8.16834081511931,6.18253238949526e-16,0.0373470623325719,7.98031117212174,2.72081680678904e-15,14.1914405752258,0.0210014746000378
"overview_common","Model4","par_edu_yrs",1646,1637,0.258753909701199,0.0915119672887596,2.82754176712997,0.00474776241568361,0.0943608536573887,2.7421743198795,0.00616985791608454,14.1914405752258,0.0182330967972983
"overview_common","Model4","rural_origin",1646,1637,2.26397532811303,1.02835450356703,2.20155143023154,0.0278360974448338,1.01429634293865,2.23206496195558,0.0257455203530081,14.1914405752258,0.159531043808567
"overview_common","Model4","bach_x_rural",1646,1637,0.758773350998753,1.38716548039668,0.546995554403335,0.584456341590857,1.40248549725236,0.541020461520125,0.588567090212464,14.1914405752258,0.0534669716563766
"overview_common","Model4","post_x_rural",1646,1637,2.73901101883376,2.63557053364897,1.03924785311724,0.298842951363957,2.55463594882433,1.07217273760446,0.283800487922641,14.1914405752258,0.193004438437017
"overview_common","Model5","(Intercept)",1646,1637,49.9729733059977,1.32713167227675,37.6548720446607,4.91197508930848e-224,1.38048537373023,36.1995673818442,2.70674232336839e-211,14.1914405752258,3.52134605652622
"overview_common","Model5","edu_bachelor",1646,1637,6.23328549598697,0.70683898115718,8.8185366995215,2.90527272444422e-18,0.709756943068287,8.78228181754786,3.95509932175914e-18,14.1914405752258,0.439228523908171
"overview_common","Model5","edu_postgrad",1646,1637,15.0662234874368,1.29871595214659,11.6008611910361,5.8469976327371e-30,1.26282530669596,11.9305682326369,1.59415259187626e-31,14.1914405752258,1.06164158653055
"overview_common","Model5","female",1646,1637,-1.71127495143732,0.6628563509118,-2.58166788186211,0.00991866073316053,0.665388489932558,-2.57184333262327,0.0102033999905558,14.1914405752258,-0.120585006318859
"overview_common","Model5","par_edu_yrs",1646,1637,0.228527603415033,0.0909899965825318,2.51156843607251,0.0121152022268998,0.0938808377715309,2.43423055055366,0.0150297762483186,14.1914405752258,0.0161031998269419
"overview_common","Model5","rural_origin",1646,1637,2.67034604323439,0.711028652786818,3.75560961259183,0.000178972371823681,0.700591143151367,3.81156123559137,0.000143205893146611,14.1914405752258,0.188165960254666
"overview_common","Model5","cohort2",1646,1637,-2.45063836064724,1.27189108611719,-1.92676746255728,0.0541815357420556,1.31397279440056,-1.86506019842309,0.0623517670291114,14.1914405752258,-0.172684256235787
"overview_common","Model5","cohort3",1646,1637,-5.56808606184971,1.22164332034409,-4.55786559720345,5.55090664004186e-06,1.24392682540935,-4.47621672602596,8.12251253927027e-06,14.1914405752258,-0.392355239225677
"overview_common","Model5","cohort4",1646,1637,-8.10217525036433,1.21243203819699,-6.68258095720819,3.20878857529291e-11,1.23887079770608,-6.53996790090337,8.20174189184455e-11,14.1914405752258,-0.570919858869606
"overview_common","Model6","(Intercept)",1646,1631,49.6830379303475,1.50190912757004,33.0799227585296,4.69519964719089e-184,1.57738847227112,31.497021059634,1.67543568860412e-170,14.1914405752258,3.50091575742351
"overview_common","Model6","edu_bachelor",1646,1631,7.00095091029276,2.15073079086956,3.25514980304076,0.00115655393356478,2.25013282866828,3.11135005947013,0.00189462223971179,14.1914405752258,0.493322074893115
"overview_common","Model6","edu_postgrad",1646,1631,16.9877022336133,9.52020445508233,1.78438418142843,0.0745470934447393,2.41821866563083,7.02488260265819,3.1350719692391e-12,14.1914405752258,1.19703860531742
"overview_common","Model6","female",1646,1631,-1.66417188376014,0.66346298470931,-2.50831157444191,0.0122273663389851,0.666821958807654,-2.49567648722284,0.0126698537167703,14.1914405752258,-0.117265888190752
"overview_common","Model6","par_edu_yrs",1646,1631,0.226842174735016,0.0910612130776722,2.49109546280178,0.0128337539891954,0.0941592619652614,2.40913288826229,0.0161006941071529,14.1914405752258,0.0159844360783934
"overview_common","Model6","rural_origin",1646,1631,2.65163718746938,0.714278250572109,3.71233085334116,0.000212262113639618,0.700374368561519,3.78602831070976,0.000158620001553725,14.1914405752258,0.186847640548795
"overview_common","Model6","cohort2",1646,1631,-1.29943255273901,1.64397500120526,-0.790421114546356,0.429396784077714,1.69541447591741,-0.766439458431467,0.443525775816751,14.1914405752258,-0.0915645276355835
"overview_common","Model6","cohort3",1646,1631,-6.17746593150527,1.6264482184297,-3.79813255749971,0.00015113701669242,1.67170239301395,-3.69531440364081,0.000226868936580965,14.1914405752258,-0.435295197746827
"overview_common","Model6","cohort4",1646,1631,-7.56906915040657,1.59689043199577,-4.73988008115677,2.32442259896119e-06,1.63149040376395,-4.63935867041833,3.77403887957432e-06,14.1914405752258,-0.533354532281944
"overview_common","Model6","bach_x_c2",1646,1631,-2.46336491963336,2.62675452576714,-0.937797915819307,0.348487118143629,2.77183387917416,-0.888713042344114,0.374288367329316,14.1914405752258,-0.173581033340173
"overview_common","Model6","bach_x_c3",1646,1631,0.234169624128963,2.48286016277636,0.0943144634722852,0.924870945655489,2.56948407088462,0.0911348806487612,0.927396608126539,14.1914405752258,0.0165007648721551
"overview_common","Model6","bach_x_c4",1646,1631,-0.827694844225767,2.4321811039023,-0.340309709214407,0.733667129597182,2.51803348989701,-0.328706845062501,0.742419478276129,14.1914405752258,-0.0583235253558883
"overview_common","Model6","post_x_c2",1646,1631,-4.3984239895312,9.99514063939713,-0.440056238147791,0.659954683344332,3.40967142171605,-1.2899847068893,0.197238836232239,14.1914405752258,-0.309934989771904
"overview_common","Model6","post_x_c3",1646,1631,2.39169547153927,9.77514869612,0.2446710066404,0.806741956031202,3.35454133248136,0.712972425881584,0.475964811050927,14.1914405752258,0.16853084497387
"overview_common","Model6","post_x_c4",1646,1631,-3.88829904243942,9.6932249238044,-0.401135749247975,0.688372727537269,2.99455608330786,-1.2984559094129,0.19431427843925,14.1914405752258,-0.273989030347439
"overview_common","Model7","(Intercept)",1646,1639,32.9887368915905,2.04751110203692,16.1116278484509,2.50679560309941e-54,2.10927783501797,15.6398253202663,1.69643758842327e-51,14.1914405752258,2.32455167019332
"overview_common","Model7","edu_bachelor",1646,1639,6.24048142419425,0.70321728789269,8.87418658732768,1.8034898930937e-18,0.707041501095922,8.82618829944415,2.7187947105564e-18,14.1914405752258,0.439735585060218
"overview_common","Model7","edu_postgrad",1646,1639,14.9800919390681,1.29310743080482,11.5845687544651,6.94960161290974e-30,1.26410410194095,11.8503625738316,3.84580295185231e-31,14.1914405752258,1.05557232612586
"overview_common","Model7","female",1646,1639,-1.69558968735446,0.659188962451962,-2.57223616282565,0.0101917695551839,0.665368176916734,-2.54834803673913,0.0109139806136248,14.1914405752258,-0.119479744030671
"overview_common","Model7","age",1646,1639,0.298318350226101,0.0362375384738302,8.2323017177764,3.7054805900051e-16,0.0372530336216656,8.00789415583608,2.19184613823583e-15,14.1914405752258,0.0210210054888211
"overview_common","Model7","par_edu_yrs",1646,1639,0.25644095840869,0.0911559042181988,2.81321282047568,0.00496343551344098,0.0936650516192754,2.73785103382056,0.00625108780503612,14.1914405752258,0.0180701146616758
"overview_common","Model7","rural_origin_f",1646,1639,2.94464804017185,0.708786456998157,4.15449252888237,3.4281344613454e-05,0.701916234835729,4.19515590896824,2.87280501123042e-05,14.1914405752258,0.207494653172304
"syntax_full","Model1","(Intercept)",1650,1645,39.1751846171571,1.97721012010249,19.8133644061696,1.59142815494809e-78,2.03578916106777,19.243242554946,1.37133687664342e-74,17.942391650557,2.18338699656804
"syntax_full","Model1","edu_bachelor",1650,1645,7.75352814678575,0.890318923113783,8.70870869470989,7.34059519059991e-18,0.905010844498157,8.56733175510753,2.39720746966944e-17,17.942391650557,0.432134594862946
"syntax_full","Model1","edu_postgrad",1650,1645,17.9361086429395,1.63069525812242,10.9990561103312,3.33594329071806e-27,1.41855560907607,12.6439235291041,4.86829833312466e-35,17.942391650557,0.999649823293358
"syntax_full","Model1","female",1650,1645,1.33135889813914,0.845363109658545,1.57489590322541,0.115472762604452,0.847885516250921,1.57021068602042,0.116558420037846,17.942391650557,0.0742018636126364
"syntax_full","Model1","age",1650,1645,0.29919345123864,0.0448735124448232,6.66748455687597,3.54175532662789e-11,0.0456153453990892,6.55905263066614,7.23142234983961e-11,17.942391650557,0.0166752268630449
"syntax_full","Model2","(Intercept)",1650,1644,37.2348003849586,2.3848890971837,15.6128016304527,2.39757427774704e-51,2.44412460827128,15.2344116412684,4.01017811123648e-49,17.942391650557,2.07524175762837
"syntax_full","Model2","edu_bachelor",1650,1644,7.5338977970845,0.90274518041241,8.34554197635562,1.4829120455447e-16,0.914551221051714,8.23780847224793,3.53798976981849e-16,17.942391650557,0.419893732330306
"syntax_full","Model2","edu_postgrad",1650,1644,17.4654571055013,1.66197126048413,10.5088803403337,4.79422216397974e-25,1.45741802776563,11.9838349552171,8.73180335506755e-32,17.942391650557,0.97341856345885
"syntax_full","Model2","female",1650,1644,1.30761196358638,0.84523480894868,1.54703988730991,0.122046094305284,0.84757181279264,1.54277424502588,0.123078014699547,17.942391650557,0.0728783536249354
"syntax_full","Model2","age",1650,1644,0.313300627336407,0.0458956117037453,6.82637436796249,1.22103010338107e-11,0.0461349230528404,6.79096455796771,1.55120399471479e-11,17.942391650557,0.0174614752279516
"syntax_full","Model2","par_edu_yrs",1650,1644,0.160102749988963,0.110113561455146,1.45397849159733,0.146143141770224,0.115222872182564,1.38950493904794,0.164867407144644,17.942391650557,0.00892315545815169
"syntax_full","Model3","(Intercept)",1650,1643,32.4540761872725,2.63746058742286,12.3050468856425,2.38166624885617e-33,2.6733479010904,12.1398625947768,1.53435198078557e-32,17.942391650557,1.8087932099211
"syntax_full","Model3","edu_bachelor",1650,1643,7.70413072457963,0.89924786290961,8.56730501382802,2.40005757303402e-17,0.912871324867092,8.43944870948959,6.89559825218401e-17,17.942391650557,0.429381482392313
"syntax_full","Model3","edu_postgrad",1650,1643,17.6366367574878,1.65432622587001,10.6609183132624,1.04990358005359e-25,1.44810322678024,12.179129520139,9.8722375012379e-33,17.942391650557,0.982959078197375
"syntax_full","Model3","female",1650,1643,1.48723549045537,0.84219629250773,1.76590125566449,0.0775981097559364,0.845866154554698,1.75823974330587,0.0788928962986656,17.942391650557,0.0828894786949545
"syntax_full","Model3","age",1650,1643,0.349041430667395,0.0464735321723383,7.51054233134338,9.61251086329946e-14,0.046520074116155,7.503028258207,1.0160794074963e-13,17.942391650557,0.0194534506583775
"syntax_full","Model3","par_edu_yrs",1650,1643,0.324184961828497,0.116473727016153,2.78333122957025,0.00544198884651465,0.121441361072888,2.66947734251697,0.00767176915443071,17.942391650557,0.0180681019644576
"syntax_full","Model3","rural_origin",1650,1643,3.77083270696836,0.907655624915697,4.15447511529342,3.42797618614445e-05,0.912257144340717,4.13351951295873,3.75260578088734e-05,17.942391650557,0.210163326072046
"syntax_full","Model4","(Intercept)",1650,1641,33.1843229479332,2.68931634069052,12.3393155523729,1.62030904752902e-33,2.71928811868651,12.2033125949015,7.54799038717178e-33,17.942391650557,1.8494927317509
"syntax_full","Model4","edu_bachelor",1650,1641,6.65624739506495,1.21114251173482,5.49584159632101,4.50113331886865e-08,1.19373094266466,5.5760030649845,2.87284093690076e-08,17.942391650557,0.370978826273604
"syntax_full","Model4","edu_postgrad",1650,1641,16.1999064811711,2.09290120634583,7.74040668142947,1.72058451349711e-14,1.90351141367783,8.51053813744715,3.84495488871897e-17,17.942391650557,0.902884453571059
"syntax_full","Model4","female",1650,1641,1.47487367269897,0.842223468839505,1.75116667638245,0.080104028580948,0.846208098622862,1.74292077220628,0.0815347605501861,17.942391650557,0.0822005060096425
"syntax_full","Model4","age",1650,1641,0.344523433025241,0.0465800266279501,7.39637690156475,2.2220616288051e-13,0.0466596061199231,7.3837621376348,2.43574196802746e-13,17.942391650557,0.0192016448941212
"syntax_full","Model4","par_edu_yrs",1650,1641,0.335933338495028,0.116810837534625,2.87587475259263,0.00408110651310854,0.12209480853858,2.75141377848903,0.00599911088884234,17.942391650557,0.0187228851670173
"syntax_full","Model4","rural_origin",1650,1641,2.44913447719222,1.31446315803993,1.86322032855166,0.0626098003927976,1.35562926689732,1.80664030867203,0.0710014955242774,17.942391650557,0.136499889473552
"syntax_full","Model4","bach_x_rural",1650,1641,2.2352983059456,1.77194526170879,1.26149399434042,0.2073102115505,1.81876423021992,1.22902038032457,0.219240370276955,17.942391650557,0.124581959277219
"syntax_full","Model4","post_x_rural",1650,1641,3.42486659586549,3.36907897832449,1.01655871468135,0.309513253775549,2.83994897692916,1.20596060833769,0.228006524367982,17.942391650557,0.190881275058956
"syntax_full","Model5","(Intercept)",1650,1641,52.1199948485398,1.69606690399128,30.7299168009753,3.46806659984857e-164,1.78131172733319,29.259334033897,8.42255426669725e-152,17.942391650557,2.90485214366178
"syntax_full","Model5","edu_bachelor",1650,1641,7.68368242798819,0.902941674532324,8.50961102439749,3.8745119796696e-17,0.916760905360948,8.38133736185333,1.10981822360041e-16,17.942391650557,0.428241818461792
"syntax_full","Model5","edu_postgrad",1650,1641,17.6975558313646,1.66001545311678,10.661078966546,1.05054853376924e-25,1.45061215114615,12.2000603796001,7.82954192354941e-33,17.942391650557,0.986354337595525
"syntax_full","Model5","female",1650,1641,1.47124826043946,0.846234809514516,1.73858158976409,0.0822959379984537,0.848312939199705,1.73432255062316,0.0830486549868982,17.942391650557,0.0819984475366072
"syntax_full","Model5","par_edu_yrs",1650,1641,0.29776496375625,0.116157289788081,2.56346342359998,0.0104517855435439,0.12143246633302,2.45210340157013,0.0143059251280762,17.942391650557,0.0165956116417181
"syntax_full","Model5","rural_origin",1650,1641,3.59265597490668,0.908447467168785,3.95472066877279,7.98847117075952e-05,0.911048073836246,3.94343183206426,8.37044818885253e-05,17.942391650557,0.200232836562519
"syntax_full","Model5","cohort2",1650,1641,-2.61281743023535,1.62511202055541,-1.60777681611289,0.108076435585529,1.60735735163458,-1.62553611838605,0.104240391253639,17.942391650557,-0.145622583718054
"syntax_full","Model5","cohort3",1650,1641,-6.58374924107346,1.56096731278871,-4.21773677586587,2.60237795244336e-05,1.52315099155014,-4.32245343869227,1.63572693285219e-05,17.942391650557,-0.366938219235064
"syntax_full","Model5","cohort4",1650,1641,-9.27665956489453,1.54960952896274,-5.98644974202245,2.62883616706844e-09,1.51650245128537,-6.11714116059077,1.18864097551769e-09,17.942391650557,-0.517024694676451
"syntax_full","Model6","(Intercept)",1650,1635,52.1318994936453,1.9202896719312,27.1479351556461,2.76253109253536e-134,2.05878340059979,25.3217018742514,1.26643027645352e-119,17.942391650557,2.90551563631858
"syntax_full","Model6","edu_bachelor",1650,1635,7.73951078699188,2.75013448919462,2.81422992853648,0.00494797709438201,2.63654744455475,2.93547184329122,0.00337691096029597,17.942391650557,0.431353352313632
"syntax_full","Model6","edu_postgrad",1650,1635,11.8964723839403,12.1735376441929,0.977240366083336,0.328594735373486,1.81549524822139,6.55274223140771,7.54875843807442e-11,17.942391650557,0.663037158904679
"syntax_full","Model6","female",1650,1635,1.53726579346635,0.847270338012688,1.81437461515775,0.0698032753922298,0.850736540641278,1.80698220897808,0.0709488150104224,17.942391650557,0.0856778641000529
"syntax_full","Model6","par_edu_yrs",1650,1635,0.298634872506271,0.116281199485028,2.56821286526824,0.0103105566373108,0.121582480936431,2.45623275825743,0.0141435645291016,17.942391650557,0.0166440950750844
"syntax_full","Model6","rural_origin",1650,1635,3.62011863870734,0.912836606047627,3.96579038868918,7.63113999120384e-05,0.913395071988646,3.9633656341342,7.70834984137027e-05,17.942391650557,0.201763438743962
"syntax_full","Model6","cohort2",1650,1635,-1.07034603126244,2.1021613299931,-0.509164551735881,0.610705594031613,2.15704849486882,-0.496208608108985,0.619813936603151,17.942391650557,-0.0596545907651733
"syntax_full","Model6","cohort3",1650,1635,-7.91495541413237,2.07974685465909,-3.80573020048143,0.000146598404679862,2.15142384697579,-3.67893821817503,0.000241794727774999,17.942391650557,-0.441131570878772
"syntax_full","Model6","cohort4",1650,1635,-9.52185520266215,2.04194166611136,-4.66313771871622,3.36741479969864e-06,2.09721310393352,-4.54024208832332,6.02993208488638e-06,17.942391650557,-0.530690411184206
"syntax_full","Model6","bach_x_c2",1650,1635,-3.44219182949291,3.3565084184299,-1.02552754242848,0.305266035309218,3.31126289937139,-1.0395404817136,0.298707141369617,17.942391650557,-0.191846878416906
"syntax_full","Model6","bach_x_c3",1650,1635,1.76459917104093,3.17359191948209,0.556025858336852,0.578269258342337,3.0897691424013,0.571110361232206,0.568003324808547,17.942391650557,0.0983480466488507
"syntax_full","Model6","bach_x_c4",1650,1635,0.389609423464843,3.10967010571068,0.125289632089704,0.900309662696945,3.04333169039492,0.128020690184541,0.898148343186572,17.942391650557,0.0217144643285472
"syntax_full","Model6","post_x_c2",1650,1635,2.75397168645783,12.7808612325521,0.215476221543163,0.829422924530562,3.43776449094304,0.801093761283911,0.423193764854738,17.942391650557,0.15348966515132
"syntax_full","Model6","post_x_c3",1650,1635,9.16727078828544,12.4995592170655,0.733407524944517,0.463415053711641,2.95377291129747,3.10358008675035,0.00194470133791717,17.942391650557,0.51092802825987
"syntax_full","Model6","post_x_c4",1650,1635,5.26060047856352,12.3947984122198,0.424420011008584,0.671315368044225,2.86397108006299,1.83682039081478,0.0664178422050093,17.942391650557,0.293193938746745
"syntax_full","Model7","(Intercept)",1650,1643,32.5801743400804,2.61566454138126,12.4557923329403,4.27320489452879e-34,2.66838620380643,12.2096922452998,6.99851843085287e-33,17.942391650557,1.81582115554082
"syntax_full","Model7","edu_bachelor",1650,1643,7.67099816191412,0.898731471925361,8.5353616753628,3.12830702423441e-17,0.912399511925046,8.40749919487495,8.95671655471686e-17,17.942391650557,0.427534874464519
"syntax_full","Model7","edu_postgrad",1650,1643,17.5864269338175,1.65375227039495,10.6342571669561,1.37238679966092e-25,1.44974937984171,12.1306669817218,1.70098156082483e-32,17.942391650557,0.98016068740042
"syntax_full","Model7","female",1650,1643,1.49207919465631,0.84205987369493,1.77193955117362,0.0765898978328463,0.846455598132431,1.76273770053425,0.0781306314283418,17.942391650557,0.0831594373657532
"syntax_full","Model7","age",1650,1643,0.345349944338242,0.0462866313043698,7.46111640891088,1.3832546980469e-13,0.0464345449602739,7.43734959896125,1.64654650561733e-13,17.942391650557,0.0192477096177711
"syntax_full","Model7","par_edu_yrs",1650,1643,0.326604105257012,0.116414662695521,2.80552378621956,0.00508268327549897,0.121489082834482,2.68834118784139,0.00725334016264982,17.942391650557,0.018202930334924
"syntax_full","Model7","rural_origin_f",1650,1643,3.83123453745016,0.906088361132375,4.2283233090668,2.48402000428543e-05,0.911883914757727,4.20144985062934,2.79455083017536e-05,17.942391650557,0.213529757463031
"overview_full","Model1","(Intercept)",1650,1645,38.1555576376875,1.54459097081604,24.7026936960075,7.49927008800205e-115,1.60001134385557,23.8470544500913,3.36766182240593e-108,14.1836792051014,2.69010297581774
"overview_full","Model1","edu_bachelor",1650,1645,6.35147978687333,0.695514632363365,9.132057747356,1.91506432363179e-19,0.699919889214738,9.07458108384269,3.17006500979951e-19,14.1836792051014,0.447801990938212
"overview_full","Model1","edu_postgrad",1650,1645,15.2611372157381,1.27389453768214,11.9799063143059,9.10509588788959e-32,1.24852814065924,12.2233025582266,5.98071660185867e-33,14.1836792051014,1.0759646347789
"overview_full","Model1","female",1650,1645,-1.83164960261357,0.660395277651053,-2.77356556686555,0.00560717224889171,0.663614276811326,-2.76011180985236,0.0058422648671129,14.1836792051014,-0.129137833430045
"overview_full","Model1","age",1650,1645,0.261719017284948,0.0350550613950338,7.46594091893462,1.33434254222603e-13,0.0362204860840162,7.22571797291375,7.59559414871352e-13,14.1836792051014,0.0184521246920768
"overview_full","Model2","(Intercept)",1650,1644,36.5553662050245,1.8629315774366,19.6224953443136,3.40170301657721e-77,1.93714016556277,18.8707904853156,4.71013177430895e-72,14.1836792051014,2.57728376935349
"overview_full","Model2","edu_bachelor",1650,1644,6.17035555482033,0.705170108310257,8.75016606929901,5.17399151028743e-18,0.707415784155379,8.72238885959753,6.54373405230105e-18,14.1836792051014,0.435032086216462
"overview_full","Model2","edu_postgrad",1650,1644,14.8730014303194,1.29823174822016,11.4563531901834,2.7328906219929e-29,1.27378117088483,11.6762610174147,2.55622453325246e-30,14.1836792051014,1.04859967680107
"overview_full","Model2","female",1650,1644,-1.8512331678646,0.660246473430795,-2.80385165595079,0.00510895239134222,0.663692615961444,-2.78929300001757,0.00534323963607181,14.1836792051014,-0.130518544666378
"overview_full","Model2","age",1650,1644,0.273352889564531,0.0358508848103851,7.62471807907368,4.11125015221519e-14,0.0369129353134502,7.405341440428,2.07980070844471e-13,14.1836792051014,0.0192723542045575
"overview_full","Model2","par_edu_yrs",1650,1644,0.132033153345018,0.0860140754473821,1.53501799162844,0.124971825478805,0.0899663439004191,1.4675838499246,0.14240857623728,14.1836792051014,0.00930880848584968
"overview_full","Model3","(Intercept)",1650,1643,33.0139164450766,2.06131432908053,16.0159544710499,9.31527007714595e-54,2.10383792848713,15.6922337020594,8.12792050624368e-52,14.1836792051014,2.32759892321891
"overview_full","Model3","edu_bachelor",1650,1643,6.29646016476722,0.702809556301981,8.95898484633264,8.67142753455432e-19,0.706735797170453,8.90921358444876,1.33201101890075e-18,14.1836792051014,0.443922911236076
"overview_full","Model3","edu_postgrad",1650,1643,14.9998073518425,1.29294305690143,11.6012899963204,5.76652051355263e-30,1.26368012039412,11.8699401136139,3.08005038864529e-31,14.1836792051014,1.05753994678952
"overview_full","Model3","female",1650,1643,-1.71817221939594,0.658220749884649,-2.61032825187758,0.00912776710775526,0.663631205487832,-2.58904675546853,0.00970917276422776,14.1836792051014,-0.12113727295651
"overview_full","Model3","age",1650,1643,0.29982884888428,0.036321512536205,8.25485581266509,3.08655379980991e-16,0.0372020609371305,8.05946878563999,1.46021275487372e-15,14.1836792051014,0.021139003819012
"overview_full","Model3","par_edu_yrs",1650,1643,0.253581455590125,0.0910303507869315,2.78568030769941,0.00540289892181945,0.0934198254105956,2.71442870371029,0.00670845833075174,14.1836792051014,0.0178783975527957
"overview_full","Model3","rural_origin",1650,1643,2.79334553358265,0.709380665034864,3.93772437178756,8.56965841591786e-05,0.701952183911683,3.97939574461684,7.20981829808124e-05,14.1836792051014,0.196940828482498
"overview_full","Model4","(Intercept)",1650,1641,33.304919496214,2.10243849306503,15.8410910026959,1.06010293485428e-52,2.12573597079521,15.6674770309104,1.15152164845751e-51,14.1836792051014,2.34811567680093
"overview_full","Model4","edu_bachelor",1650,1641,5.95298172184479,0.946840131349124,6.28720892233683,4.13399064608996e-10,0.930701371658447,6.3962318130433,2.07170979309808e-10,14.1836792051014,0.419706455268933
"overview_full","Model4","edu_postgrad",1650,1641,13.9373048375513,1.63617644820241,8.51821626748362,3.60857481007045e-17,1.6362131930242,8.51802497191161,3.6142859522232e-17,14.1836792051014,0.982629727873324
"overview_full","Model4","female",1650,1641,-1.72415523512433,0.658428692028202,-2.61859067807829,0.00891065696909986,0.663911125306665,-2.59696692735482,0.00948914588022667,14.1836792051014,-0.12155909691642
"overview_full","Model4","age",1650,1641,0.297490955813367,0.0364150693277872,8.16944636670952,6.11842582117936e-16,0.0372547484003126,7.98531646534674,2.61275170281224e-15,14.1836792051014,0.0209741740144806
"overview_full","Model4","par_edu_yrs",1650,1641,0.260872442868552,0.0913197148004176,2.85669357858484,0.00433471956453001,0.0941193739414567,2.77171884962619,0.00563908146437031,14.1836792051014,0.0183924381746257
"overview_full","Model4","rural_origin",1650,1641,2.26497996580115,1.02761356087599,2.204116461708,0.0276545496540515,1.01417279427713,2.23332747494529,0.0256617027113311,14.1836792051014,0.159689170422474
"overview_full","Model4","bach_x_rural",1650,1641,0.691488773755571,1.38526132811293,0.499175686003991,0.617722533116695,1.40101477951019,0.493562797386993,0.621681027607821,14.1836792051014,0.0487524262045397
"overview_full","Model4","post_x_rural",1650,1641,2.74748311083251,2.63385947686127,1.04313959608302,0.297037289484426,2.55453953112116,1.07552969032609,0.282295749551498,14.1836792051014,0.193707364013445
"overview_full","Model5","(Intercept)",1650,1641,49.9559168897992,1.32589978621444,37.6769929441106,2.28182223017871e-224,1.3799047199493,36.202439318879,1.91728400613362e-211,14.1836792051014,3.52207041398903
"overview_full","Model5","edu_bachelor",1650,1641,6.26599085798463,0.705874379370989,8.8769206548739,1.75974964949473e-18,0.708961427328578,8.83826766372237,2.44974021374348e-18,14.1836792051014,0.441774716374786
"overview_full","Model5","edu_postgrad",1650,1641,15.0500505306831,1.29771657546095,11.5973324339618,6.03680598311421e-30,1.26263525543642,11.9195551255863,1.78817265946799e-31,14.1836792051014,1.06108227019616
"overview_full","Model5","female",1650,1641,-1.72826762857828,0.661543804894789,-2.61247647667586,0.00907094249083179,0.663920242481022,-2.60312537258974,0.00932107047702681,14.1836792051014,-0.121849035330458
"overview_full","Model5","par_edu_yrs",1650,1641,0.231177497892531,0.0908059259542378,2.54584153471475,0.0109922272831699,0.0936569023629591,2.4683444792635,0.0136752528755386,14.1836792051014,0.0162988385840949
"overview_full","Model5","rural_origin",1650,1641,2.64062718929439,0.710178531089559,3.71825825999432,0.000207343282662458,0.70017340915768,3.77139027954675,0.000168099936275316,14.1836792051014,0.18617364021774
"overview_full","Model5","cohort2",1650,1641,-2.4349324022669,1.27043082767448,-1.91661942486395,0.0554598167021726,1.31292124274697,-1.85459136693714,0.0638338777801087,14.1836792051014,-0.171671423687525
"overview_full","Model5","cohort3",1650,1641,-5.53488206932318,1.22028572189209,-4.5357263221446,6.15719938296444e-06,1.243283543499,-4.45182605228266,9.08845347777924e-06,14.1836792051014,-0.390228937730942
"overview_full","Model5","cohort4",1650,1641,-8.08979551266924,1.21140677784143,-6.67801737669342,3.30508311186498e-11,1.2385905672481,-6.53145254500292,8.66346574594492e-11,14.1836792051014,-0.570359452980267
"overview_full","Model6","(Intercept)",1650,1635,49.6785937817394,1.50071644764081,33.1032513569345,2.36314933062566e-184,1.57707259999767,31.5005116326368,1.28863502071516e-170,14.1836792051014,3.5025181452124
"overview_full","Model6","edu_bachelor",1650,1635,6.99325688870609,2.14924452361815,3.25382096446304,0.00116188453186768,2.25036614977573,3.10760846158437,0.00191854611796973,14.1836792051014,0.493049566870551
"overview_full","Model6","edu_postgrad",1650,1635,16.9798510103014,9.51368350080329,1.78478199415271,0.0744820368383189,2.39888526633114,7.07822556110421,2.15895879885214e-12,14.1836792051014,1.19714009071738
"overview_full","Model6","female",1650,1635,-1.6818386987136,0.662146211813497,-2.53998085121918,0.0111777337284295,0.66532203452084,-2.52785660394496,0.0115696337849227,14.1836792051014,-0.118575630088186
"overview_full","Model6","par_edu_yrs",1650,1635,0.229769407086384,0.0908743671172728,2.52842924110678,0.0115508530019888,0.093919445833139,2.44645190405618,0.0145317144231889,14.1836792051014,0.0161995631573325
"overview_full","Model6","rural_origin",1650,1635,2.62071393747446,0.713386594079108,3.67362375355184,0.000246839724292009,0.699932038426568,3.7442405742217,0.000187208215465912,14.1836792051014,0.184769684901776
"overview_full","Model6","cohort2",1650,1635,-1.29673811130174,1.64285010205905,-0.789322233158389,0.430038140719616,1.69543951414496,-0.764838910785743,0.444477850528107,14.1836792051014,-0.091424664401275
"overview_full","Model6","cohort3",1650,1635,-6.1756909456051,1.62533307205537,-3.79964639358223,0.000150211721329597,1.67161831239898,-3.69443843717063,0.000227627862215424,14.1836792051014,-0.435408250306725
"overview_full","Model6","cohort4",1650,1635,-7.56364361322465,1.59578811897406,-4.73975430904159,2.32537597008071e-06,1.63132117020228,-4.63651410364936,3.82492702318653e-06,14.1836792051014,-0.533263866437719
"overview_full","Model6","bach_x_c2",1650,1635,-2.42135394943572,2.62312892883332,-0.923078512390413,0.356102489667249,2.76823821263797,-0.874691324749942,0.381870347194334,14.1836792051014,-0.170714094306704
"overview_full","Model6","bach_x_c3",1650,1635,0.304855781487409,2.48017872578412,0.122916860110969,0.902188041211641,2.5685382152806,0.118688435186122,0.905536779026389,14.1836792051014,0.021493420506702
"overview_full","Model6","bach_x_c4",1650,1635,-0.801634357256376,2.43022349314814,-0.329860343921673,0.741547744561881,2.51784859730188,-0.318380683459444,0.750236851356338,14.1836792051014,-0.0565180829081395
"overview_full","Model6","post_x_c2",1650,1635,-4.39578868369482,9.98831006960336,-0.440093334414214,0.659927679434344,3.39673264598715,-1.29412265898758,0.195805816897459,14.1836792051014,-0.309918789062417
"overview_full","Model6","post_x_c3",1650,1635,2.38533733051888,9.76847106949525,0.244187377282383,0.807116340378616,3.34113717283792,0.713929781126828,0.47537250155823,14.1836792051014,0.168174794143747
"overview_full","Model6","post_x_c4",1650,1635,-3.90058966102927,9.68659995119575,-0.402678925596361,0.68723708165386,2.97908407085237,-1.30932513761293,0.190608205486857,14.1836792051014,-0.275005490791582
"overview_full","Model7","(Intercept)",1650,1643,33.0145638878423,2.04377335610493,16.1537304462968,1.3630316495727e-54,2.10469963907328,15.686116572139,8.83842670126836e-52,14.1836792051014,2.32764457024437
"overview_full","Model7","edu_bachelor",1650,1643,6.27464863546628,0.702232036086728,8.93529248598869,1.06400653815546e-18,0.706188391399399,8.88523333417063,1.63680731351481e-18,14.1836792051014,0.442385120583486
"overview_full","Model7","edu_postgrad",1650,1643,14.9650239138189,1.29217442617715,11.581272319475,7.15728611747096e-30,1.26405618632456,11.8388914003356,4.33354829693431e-31,14.1836792051014,1.05508759028028
"overview_full","Model7","female",1650,1643,-1.71090782423463,0.657951165707962,-2.60035685535061,0.00939619474440617,0.664038786736451,-2.57651790589405,0.010066705559557,14.1836792051014,-0.120625107173833
"overview_full","Model7","age",1650,1643,0.297732999762444,0.0361664817131971,8.2322909406419,3.69964014772886e-16,0.0371627467551289,8.0115983278699,2.1260411770959e-15,14.1836792051014,0.0209912389766513
"overview_full","Model7","par_edu_yrs",1650,1643,0.258691746078973,0.0909616589256539,2.8439646894568,0.00451076034345189,0.0934183568796041,2.76917465388917,0.0056830203165015,14.1836792051014,0.0182386912689008
"overview_full","Model7","rural_origin_f",1650,1643,2.91444339396486,0.707980408596749,4.11655938296573,4.03651765146072e-05,0.70148052932182,4.15470319152336,3.42459443472214e-05,14.1836792051014,0.205478659790658
