"version","cohort","cohort_label","edu_lvl","education","n","mean_y","sd_y"
"historical_common",1,"1957-64",1,"junior_college",108,52.1203703703704,16.3659765564598
"historical_common",1,"1957-64",2,"bachelor",60,58.2666666666667,14.9721398521191
"historical_common",1,"1957-64",3,"postgraduate",2,70,0
"historical_common",2,"1965-74",1,"junior_college",174,50.7298850574713,16.0775405399365
"historical_common",2,"1965-74",2,"bachelor",139,54.0719424460432,16.2773249804261
"historical_common",2,"1965-74",3,"postgraduate",21,64.5238095238095,11.3164439980899
"historical_common",3,"1975-84",1,"junior_college",194,46.4742268041237,15.9146641300771
"historical_common",3,"1975-84",2,"bachelor",277,53.8953068592058,15.0426885194977
"historical_common",3,"1975-84",3,"postgraduate",43,66.8604651162791,13.9037189189985
"historical_common",4,"1985-92",1,"junior_college",231,45.4502164502165,16.2637470265695
"historical_common",4,"1985-92",2,"bachelor",330,52.3181818181818,15.5580676116537
"historical_common",4,"1985-92",3,"postgraduate",67,59.9850746268657,15.5363625645378
"syntax_common",1,"1957-64",1,"junior_college",108,55.9267592592593,18.1091187763897
"syntax_common",1,"1957-64",2,"bachelor",60,63.9723333333333,15.5910759314604
"syntax_common",1,"1957-64",3,"postgraduate",2,70.34,0
"syntax_common",2,"1965-74",1,"junior_college",174,55.9085057471264,17.2141143210549
"syntax_common",2,"1965-74",2,"bachelor",139,60.305035971223,18.0697630525156
"syntax_common",2,"1965-74",3,"postgraduate",21,71.3980952380952,11.415615453863
"syntax_common",3,"1975-84",1,"junior_college",194,49.5091237113402,17.830244746653
"syntax_common",3,"1975-84",2,"bachelor",277,59.1240072202166,16.5048552641277
"syntax_common",3,"1975-84",3,"postgraduate",43,70.6862790697674,13.1582400442887
"syntax_common",4,"1985-92",1,"junior_college",231,48.4519913419913,17.5285134769885
"syntax_common",4,"1985-92",2,"bachelor",330,56.2308484848485,17.4592307356226
"syntax_common",4,"1985-92",3,"postgraduate",67,65.3891044776119,15.8728619873902
"overview_common",1,"1957-64",1,"junior_college",108,51.6666666666667,14.2008292505004
"overview_common",1,"1957-64",2,"bachelor",60,58.7833333333333,13.765704949924
"overview_common",1,"1957-64",3,"postgraduate",2,70,0
"overview_common",2,"1965-74",1,"junior_college",174,50.6379310344828,13.2373158079229
"overview_common",2,"1965-74",2,"bachelor",139,55.2805755395683,14.9283451702266
"overview_common",2,"1965-74",3,"postgraduate",21,63.7619047619048,9.26771148614782
"overview_common",3,"1975-84",1,"junior_college",194,45.9175257731959,13.3067983739761
"overview_common",3,"1975-84",2,"bachelor",277,53.4476534296029,13.1898746539419
"overview_common",3,"1975-84",3,"postgraduate",43,65.8372093023256,14.0846593896273
"overview_common",4,"1985-92",1,"junior_college",231,44.9350649350649,13.0274002168049
"overview_common",4,"1985-92",2,"bachelor",330,50.9848484848485,13.1126663563874
"overview_common",4,"1985-92",3,"postgraduate",67,58.0597014925373,13.270930406303
"syntax_full",1,"1957-64",1,"junior_college",108,55.9267592592593,18.1091187763897
"syntax_full",1,"1957-64",2,"bachelor",60,63.9723333333333,15.5910759314604
"syntax_full",1,"1957-64",3,"postgraduate",2,70.34,0
"syntax_full",2,"1965-74",1,"junior_college",174,55.9085057471264,17.2141143210549
"syntax_full",2,"1965-74",2,"bachelor",140,60.3394285714286,18.0092447790807
"syntax_full",2,"1965-74",3,"postgraduate",21,71.3980952380952,11.415615453863
"syntax_full",3,"1975-84",1,"junior_college",194,49.5091237113402,17.830244746653
"syntax_full",3,"1975-84",2,"bachelor",279,59.1669892473118,16.4531837105198
"syntax_full",3,"1975-84",3,"postgraduate",43,70.6862790697674,13.1582400442887
"syntax_full",4,"1985-92",1,"junior_college",231,48.4519913419913,17.5285134769885
"syntax_full",4,"1985-92",2,"bachelor",331,56.2577039274925,17.4396028811286
"syntax_full",4,"1985-92",3,"postgraduate",67,65.3891044776119,15.8728619873902
"overview_full",1,"1957-64",1,"junior_college",108,51.6666666666667,14.2008292505004
"overview_full",1,"1957-64",2,"bachelor",60,58.7833333333333,13.765704949924
"overview_full",1,"1957-64",3,"postgraduate",2,70,0
"overview_full",2,"1965-74",1,"junior_college",174,50.6379310344828,13.2373158079229
"overview_full",2,"1965-74",2,"bachelor",140,55.3285714285714,14.8853860335888
"overview_full",2,"1965-74",3,"postgraduate",21,63.7619047619048,9.26771148614782
"overview_full",3,"1975-84",1,"junior_college",194,45.9175257731959,13.3067983739761
"overview_full",3,"1975-84",2,"bachelor",279,53.5089605734767,13.1622043919426
"overview_full",3,"1975-84",3,"postgraduate",43,65.8372093023256,14.0846593896273
"overview_full",4,"1985-92",1,"junior_college",231,44.9350649350649,13.0274002168049
"overview_full",4,"1985-92",2,"bachelor",331,51.0181268882175,13.1067749354329
"overview_full",4,"1985-92",3,"postgraduate",67,58.0597014925373,13.270930406303
