"model","N_old","R2_old","adjusted_R2_old","residual_SE_old","RSS_old","N_new","R2_new","adjusted_R2_new","residual_SE_new","RSS_new","contrast","delta_R2","delta_adjusted_R2"
"Model1",1646,0.0846397582675521,0.0824085328154315,15.6555593956372,402203.422124121,1646,0.0953912850543847,0.0931862668582955,17.1017938664672,479945.491013313,"measurement",0.0107515267868326,0.010777734042864
"Model2",1646,0.0858557713229204,0.0830687462354904,15.6499262404378,401669.113783077,1646,0.0965072862221854,0.0937527352655458,17.0964514576748,479353.390009196,"measurement",0.0106515148992651,0.0106839890300554
"Model3",1646,0.0931473209433446,0.0898275429846259,15.5921409315988,398465.253623746,1646,0.106022845884647,0.10275020224542,17.0113706667921,474304.853687346,"measurement",0.0128755249413021,0.0129226592607944
"Model4",1646,0.0948072008125118,0.090383534109091,15.587377869272,397735.913050214,1646,0.107182789826239,0.10281960248269,17.0107127585966,473689.438585325,"measurement",0.0123755890137276,0.0124360683735992
"Model5",1646,0.0910290669809222,0.0865869365813176,15.6198736408693,399396.000835359,1646,0.103716608010476,0.0993364814766233,17.0437010938147,475528.441798564,"measurement",0.0126875410295535,0.0127495448953058
"Model6",1646,0.094904991999208,0.0871359361365402,15.6151788357797,397692.944229688,1646,0.106822337861164,0.0991555768127621,17.045412682074,473880.678502105,"measurement",0.0119173458619561,0.0120196406762219
"Model7",1646,0.0934844575817509,0.0901659138023064,15.589242351292,398317.11794611,1646,0.10635577397076,0.103084349104271,17.0082027500027,474128.216726943,"measurement",0.0128713163890088,0.0129184353019643
"Model1",1646,0.0953912850543847,0.0931862668582955,17.1017938664672,479945.491013313,1646,0.11642513987532,0.114271392501463,13.3560125640117,292726.620512072,"crosswalk_choice",0.0210338548209353,0.021085125643168
"Model2",1646,0.0965072862221854,0.0937527352655458,17.0964514576748,479353.390009196,1646,0.117623557031513,0.114933384949292,13.3510204975708,292329.587255549,"crosswalk_choice",0.0211162708093276,0.0211806496837463
"Model3",1646,0.106022845884647,0.10275020224542,17.0113706667921,474304.853687346,1646,0.126054708962453,0.122855397341815,13.291135350707,289536.363134823,"crosswalk_choice",0.0200318630778061,0.0201051950963949
"Model4",1646,0.107182789826239,0.10281960248269,17.0107127585966,473689.438585325,1646,0.126668278587194,0.12240031660106,13.2945827614185,289333.088719937,"crosswalk_choice",0.019485488760955,0.0195807141183696
"Model5",1646,0.103716608010476,0.0993364814766233,17.0437010938147,475528.441798564,1646,0.123331144986543,0.119046874467235,13.3199588564433,290438.674545431,"crosswalk_choice",0.0196145369760676,0.0197103929906116
"Model6",1646,0.106822337861164,0.0991555768127621,17.045412682074,473880.678502105,1646,0.126930390998104,0.119436231264182,13.3170150053274,289246.251391599,"crosswalk_choice",0.0201080531369401,0.0202806544514204
"Model7",1646,0.10635577397076,0.103084349104271,17.0082027500027,474128.216726943,1646,0.126818761833595,0.12362224723384,13.2853241456184,289283.233915155,"crosswalk_choice",0.0204629878628353,0.0205378981295693
"Model1",1646,0.0953912850543847,0.0931862668582955,17.1017938664672,479945.491013313,1650,0.0955177487405133,0.0933183998012803,17.0847148056973,480154.904586859,"coverage",0.000126463686128536,0.000132132942984864
"Model2",1646,0.0965072862221854,0.0937527352655458,17.0964514576748,479353.390009196,1650,0.096679347369338,0.0939320217834785,17.0789325493229,479538.256467986,"coverage",0.000172061147152555,0.000179286517932642
"Model3",1646,0.106022845884647,0.10275020224542,17.0113706667921,474304.853687346,1650,0.106070053428817,0.102805549667754,16.9950959795957,474553.091125368,"coverage",4.72075441704939e-05,5.53474223335959e-05
"Model4",1646,0.107182789826239,0.10281960248269,17.0107127585966,473689.438585325,1650,0.107193735559003,0.102841237012064,16.9947579726715,473956.571420029,"coverage",1.0945732763834e-05,2.16345293734266e-05
"Model5",1646,0.103716608010476,0.0993364814766233,17.0437010938147,475528.441798564,1650,0.103800243890597,0.0994312018132812,17.0270252597766,475758.045872393,"coverage",8.36358801212939e-05,9.47203366579163e-05
"Model6",1646,0.106822337861164,0.0991555768127621,17.045412682074,473880.678502105,1650,0.106914462846405,0.09926724723775,17.028575131178,474104.826582013,"coverage",9.21249852404438e-05,0.000111670424987942
"Model7",1646,0.10635577397076,0.103084349104271,17.0082027500027,474128.216726943,1650,0.106403245353151,0.103139958361136,16.9919284179162,474376.212323806,"coverage",4.74713823916395e-05,5.56092568653188e-05
"Model1",1646,0.0846397582675521,0.0824085328154315,15.6555593956372,402203.422124121,1650,0.0955177487405133,0.0933183998012803,17.0847148056973,480154.904586859,"historical_to_syntax_full",0.0108779904729611,0.0109098669858488
"Model2",1646,0.0858557713229204,0.0830687462354904,15.6499262404378,401669.113783077,1650,0.096679347369338,0.0939320217834785,17.0789325493229,479538.256467986,"historical_to_syntax_full",0.0108235760464176,0.010863275547988
"Model3",1646,0.0931473209433446,0.0898275429846259,15.5921409315988,398465.253623746,1650,0.106070053428817,0.102805549667754,16.9950959795957,474553.091125368,"historical_to_syntax_full",0.0129227324854726,0.012978006683128
"Model4",1646,0.0948072008125118,0.090383534109091,15.587377869272,397735.913050214,1650,0.107193735559003,0.102841237012064,16.9947579726715,473956.571420029,"historical_to_syntax_full",0.0123865347464914,0.0124577029029727
"Model5",1646,0.0910290669809222,0.0865869365813176,15.6198736408693,399396.000835359,1650,0.103800243890597,0.0994312018132812,17.0270252597766,475758.045872393,"historical_to_syntax_full",0.0127711769096748,0.0128442652319637
"Model6",1646,0.094904991999208,0.0871359361365402,15.6151788357797,397692.944229688,1650,0.106914462846405,0.09926724723775,17.028575131178,474104.826582013,"historical_to_syntax_full",0.0120094708471966,0.0121313111012098
"Model7",1646,0.0934844575817509,0.0901659138023064,15.589242351292,398317.11794611,1650,0.106403245353151,0.103139958361136,16.9919284179162,474376.212323806,"historical_to_syntax_full",0.0129187877714005,0.0129740445588297
