"version","model","term","VIF","tolerance"
"historical_common","Model1","edu_bachelor",1.11959456294118,0.893180471842414
"historical_common","Model1","edu_postgrad",1.11380435137969,0.897823750429132
"historical_common","Model1","female",1.00956850836879,0.990522180229011
"historical_common","Model1","age",1.04351486679714,0.958299715527097
"historical_common","Model2","edu_bachelor",1.1510340543333,0.868784026185237
"historical_common","Model2","edu_postgrad",1.15785082515222,0.863669117192654
"historical_common","Model2","female",1.01005397294226,0.99004610326617
"historical_common","Model2","age",1.09279497083362,0.915084738390741
"historical_common","Model2","par_edu_yrs",1.12266142557824,0.890740500400591
"historical_common","Model3","edu_bachelor",1.15331206125158,0.86706801532518
"historical_common","Model3","edu_postgrad",1.15858161038067,0.863124350533607
"historical_common","Model3","female",1.01274122221574,0.987419074156121
"historical_common","Model3","age",1.13165728875534,0.883659752768308
"historical_common","Model3","par_edu_yrs",1.26760477013992,0.788889426386129
"historical_common","Model3","rural_origin",1.15580556294861,0.865197427713421
"historical_common","Model4","edu_bachelor",2.09509996114468,0.477304194809701
"historical_common","Model4","edu_postgrad",1.85429545183703,0.539288385251289
"historical_common","Model4","female",1.01283593836245,0.987326734887382
"historical_common","Model4","age",1.13692014988708,0.879569246880986
"historical_common","Model4","par_edu_yrs",1.27491499299285,0.784366020868974
"historical_common","Model4","rural_origin",2.42202640994826,0.412877413678311
"historical_common","Model4","bach_x_rural",2.84622233421695,0.35134289685599
"historical_common","Model4","post_x_rural",1.75730783902731,0.569052261528358
"historical_common","Model5","edu_bachelor",1.15829642172743,0.863336863726681
"historical_common","Model5","edu_postgrad",1.16220655721798,0.860432247425742
"historical_common","Model5","female",1.01877252797816,0.98157338614596
"historical_common","Model5","par_edu_yrs",1.25561472322666,0.796422645817829
"historical_common","Model5","rural_origin",1.15348254541236,0.86693986309304
"historical_common","Model5","cohort2",2.42741790774932,0.411960378477718
"historical_common","Model5","cohort3",2.97346477268616,0.33630800310327
"historical_common","Model5","cohort4",3.2180043888459,0.310751596071824
"historical_common","Model6","edu_bachelor",10.7285943343674,0.0932088555903965
"historical_common","Model6","edu_postgrad",62.479782728481,0.0160051772962417
"historical_common","Model6","female",1.02108939771191,0.979346178934803
"historical_common","Model6","par_edu_yrs",1.25813705535559,0.79482596569526
"historical_common","Model6","rural_origin",1.16456481310727,0.858689863153105
"historical_common","Model6","cohort2",4.05720648748118,0.246475007640251
"historical_common","Model6","cohort3",5.27286216713454,0.189650320509598
"historical_common","Model6","cohort4",5.5848826251572,0.179054792574419
"historical_common","Model6","bach_x_c2",4.95134766458988,0.201965215884882
"historical_common","Model6","bach_x_c3",8.00836997659232,0.124869355801855
"historical_common","Model6","bach_x_c4",8.80071668199023,0.113627109715553
"historical_common","Model6","post_x_c2",11.6790325729222,0.0856235303528902
"historical_common","Model6","post_x_c3",22.5634296763833,0.0443195034771988
"historical_common","Model6","post_x_c4",34.0525707777801,0.0293663584616207
"historical_common","Model7","edu_bachelor",1.1524424963301,0.867722253547971
"historical_common","Model7","edu_postgrad",1.15820555243821,0.863404598514346
"historical_common","Model7","female",1.01279067071296,0.987370864401866
"historical_common","Model7","age",1.12296859576769,0.890496852511153
"historical_common","Model7","par_edu_yrs",1.26677698770863,0.789404930546473
"historical_common","Model7","rural_origin_f",1.14918745879262,0.8701800496941
"syntax_common","Model1","edu_bachelor",1.11959456294118,0.893180471842414
"syntax_common","Model1","edu_postgrad",1.11380435137969,0.897823750429132
"syntax_common","Model1","female",1.00956850836879,0.990522180229011
"syntax_common","Model1","age",1.04351486679714,0.958299715527097
"syntax_common","Model2","edu_bachelor",1.1510340543333,0.868784026185237
"syntax_common","Model2","edu_postgrad",1.15785082515222,0.863669117192654
"syntax_common","Model2","female",1.01005397294226,0.99004610326617
"syntax_common","Model2","age",1.09279497083362,0.915084738390741
"syntax_common","Model2","par_edu_yrs",1.12266142557824,0.890740500400591
"syntax_common","Model3","edu_bachelor",1.15331206125158,0.86706801532518
"syntax_common","Model3","edu_postgrad",1.15858161038067,0.863124350533607
"syntax_common","Model3","female",1.01274122221574,0.987419074156121
"syntax_common","Model3","age",1.13165728875534,0.883659752768308
"syntax_common","Model3","par_edu_yrs",1.26760477013992,0.788889426386129
"syntax_common","Model3","rural_origin",1.15580556294861,0.865197427713421
"syntax_common","Model4","edu_bachelor",2.09509996114468,0.477304194809701
"syntax_common","Model4","edu_postgrad",1.85429545183703,0.539288385251289
"syntax_common","Model4","female",1.01283593836245,0.987326734887382
"syntax_common","Model4","age",1.13692014988708,0.879569246880986
"syntax_common","Model4","par_edu_yrs",1.27491499299285,0.784366020868974
"syntax_common","Model4","rural_origin",2.42202640994826,0.412877413678311
"syntax_common","Model4","bach_x_rural",2.84622233421695,0.35134289685599
"syntax_common","Model4","post_x_rural",1.75730783902731,0.569052261528358
"syntax_common","Model5","edu_bachelor",1.15829642172743,0.863336863726681
"syntax_common","Model5","edu_postgrad",1.16220655721798,0.860432247425742
"syntax_common","Model5","female",1.01877252797816,0.98157338614596
"syntax_common","Model5","par_edu_yrs",1.25561472322666,0.796422645817829
"syntax_common","Model5","rural_origin",1.15348254541236,0.86693986309304
"syntax_common","Model5","cohort2",2.42741790774932,0.411960378477718
"syntax_common","Model5","cohort3",2.97346477268616,0.33630800310327
"syntax_common","Model5","cohort4",3.2180043888459,0.310751596071824
"syntax_common","Model6","edu_bachelor",10.7285943343674,0.0932088555903965
"syntax_common","Model6","edu_postgrad",62.479782728481,0.0160051772962417
"syntax_common","Model6","female",1.02108939771191,0.979346178934803
"syntax_common","Model6","par_edu_yrs",1.25813705535559,0.79482596569526
"syntax_common","Model6","rural_origin",1.16456481310727,0.858689863153105
"syntax_common","Model6","cohort2",4.05720648748118,0.246475007640251
"syntax_common","Model6","cohort3",5.27286216713454,0.189650320509598
"syntax_common","Model6","cohort4",5.5848826251572,0.179054792574419
"syntax_common","Model6","bach_x_c2",4.95134766458988,0.201965215884882
"syntax_common","Model6","bach_x_c3",8.00836997659232,0.124869355801855
"syntax_common","Model6","bach_x_c4",8.80071668199023,0.113627109715553
"syntax_common","Model6","post_x_c2",11.6790325729222,0.0856235303528902
"syntax_common","Model6","post_x_c3",22.5634296763833,0.0443195034771988
"syntax_common","Model6","post_x_c4",34.0525707777801,0.0293663584616207
"syntax_common","Model7","edu_bachelor",1.1524424963301,0.867722253547971
"syntax_common","Model7","edu_postgrad",1.15820555243821,0.863404598514346
"syntax_common","Model7","female",1.01279067071296,0.987370864401866
"syntax_common","Model7","age",1.12296859576769,0.890496852511153
"syntax_common","Model7","par_edu_yrs",1.26677698770863,0.789404930546473
"syntax_common","Model7","rural_origin_f",1.14918745879262,0.8701800496941
"overview_common","Model1","edu_bachelor",1.11959456294118,0.893180471842414
"overview_common","Model1","edu_postgrad",1.11380435137969,0.897823750429132
"overview_common","Model1","female",1.00956850836879,0.990522180229011
"overview_common","Model1","age",1.04351486679714,0.958299715527097
"overview_common","Model2","edu_bachelor",1.1510340543333,0.868784026185237
"overview_common","Model2","edu_postgrad",1.15785082515222,0.863669117192654
"overview_common","Model2","female",1.01005397294226,0.99004610326617
"overview_common","Model2","age",1.09279497083362,0.915084738390741
"overview_common","Model2","par_edu_yrs",1.12266142557824,0.890740500400591
"overview_common","Model3","edu_bachelor",1.15331206125158,0.86706801532518
"overview_common","Model3","edu_postgrad",1.15858161038067,0.863124350533607
"overview_common","Model3","female",1.01274122221574,0.987419074156121
"overview_common","Model3","age",1.13165728875534,0.883659752768308
"overview_common","Model3","par_edu_yrs",1.26760477013992,0.788889426386129
"overview_common","Model3","rural_origin",1.15580556294861,0.865197427713421
"overview_common","Model4","edu_bachelor",2.09509996114468,0.477304194809701
"overview_common","Model4","edu_postgrad",1.85429545183703,0.539288385251289
"overview_common","Model4","female",1.01283593836245,0.987326734887382
"overview_common","Model4","age",1.13692014988708,0.879569246880986
"overview_common","Model4","par_edu_yrs",1.27491499299285,0.784366020868974
"overview_common","Model4","rural_origin",2.42202640994826,0.412877413678311
"overview_common","Model4","bach_x_rural",2.84622233421695,0.35134289685599
"overview_common","Model4","post_x_rural",1.75730783902731,0.569052261528358
"overview_common","Model5","edu_bachelor",1.15829642172743,0.863336863726681
"overview_common","Model5","edu_postgrad",1.16220655721798,0.860432247425742
"overview_common","Model5","female",1.01877252797816,0.98157338614596
"overview_common","Model5","par_edu_yrs",1.25561472322666,0.796422645817829
"overview_common","Model5","rural_origin",1.15348254541236,0.86693986309304
"overview_common","Model5","cohort2",2.42741790774932,0.411960378477718
"overview_common","Model5","cohort3",2.97346477268616,0.33630800310327
"overview_common","Model5","cohort4",3.2180043888459,0.310751596071824
"overview_common","Model6","edu_bachelor",10.7285943343674,0.0932088555903965
"overview_common","Model6","edu_postgrad",62.479782728481,0.0160051772962417
"overview_common","Model6","female",1.02108939771191,0.979346178934803
"overview_common","Model6","par_edu_yrs",1.25813705535559,0.79482596569526
"overview_common","Model6","rural_origin",1.16456481310727,0.858689863153105
"overview_common","Model6","cohort2",4.05720648748118,0.246475007640251
"overview_common","Model6","cohort3",5.27286216713454,0.189650320509598
"overview_common","Model6","cohort4",5.5848826251572,0.179054792574419
"overview_common","Model6","bach_x_c2",4.95134766458988,0.201965215884882
"overview_common","Model6","bach_x_c3",8.00836997659232,0.124869355801855
"overview_common","Model6","bach_x_c4",8.80071668199023,0.113627109715553
"overview_common","Model6","post_x_c2",11.6790325729222,0.0856235303528902
"overview_common","Model6","post_x_c3",22.5634296763833,0.0443195034771988
"overview_common","Model6","post_x_c4",34.0525707777801,0.0293663584616207
"overview_common","Model7","edu_bachelor",1.1524424963301,0.867722253547971
"overview_common","Model7","edu_postgrad",1.15820555243821,0.863404598514346
"overview_common","Model7","female",1.01279067071296,0.987370864401866
"overview_common","Model7","age",1.12296859576769,0.890496852511153
"overview_common","Model7","par_edu_yrs",1.26677698770863,0.789404930546473
"overview_common","Model7","rural_origin_f",1.14918745879262,0.8701800496941
"syntax_full","Model1","edu_bachelor",1.11984032408602,0.892984453668578
"syntax_full","Model1","edu_postgrad",1.1139954759031,0.897669713774475
"syntax_full","Model1","female",1.00960496480573,0.99048641286389
"syntax_full","Model1","age",1.04346716184347,0.958343526818154
"syntax_full","Model2","edu_bachelor",1.15209759754065,0.867982020042983
"syntax_full","Model2","edu_postgrad",1.15792078537362,0.863616935313357
"syntax_full","Model2","female",1.00998206613247,0.990116590712649
"syntax_full","Model2","age",1.0922825658094,0.91551401743649
"syntax_full","Model2","par_edu_yrs",1.12241238382388,0.890938138612793
"syntax_full","Model3","edu_bachelor",1.15449470735032,0.866179804578837
"syntax_full","Model3","edu_postgrad",1.15863953559035,0.863081199357209
"syntax_full","Model3","female",1.01265093498042,0.987507111736721
"syntax_full","Model3","age",1.13104072799814,0.884141459494506
"syntax_full","Model3","par_edu_yrs",1.26823863584614,0.78849513942841
"syntax_full","Model3","rural_origin",1.15678161054666,0.864467407575258
"syntax_full","Model4","edu_bachelor",2.09430962835809,0.477484315814366
"syntax_full","Model4","edu_postgrad",1.85447407360519,0.539236441335602
"syntax_full","Model4","female",1.01275657331015,0.987404107120774
"syntax_full","Model4","age",1.1362754412902,0.880068303566023
"syntax_full","Model4","par_edu_yrs",1.27564134001907,0.783919404795276
"syntax_full","Model4","rural_origin",2.42618146499154,0.412170323790471
"syntax_full","Model4","bach_x_rural",2.84375564593993,0.35164765349221
"syntax_full","Model4","post_x_rural",1.75740018215358,0.56902236050446
"syntax_full","Model5","edu_bachelor",1.1596373533994,0.862338555297971
"syntax_full","Model5","edu_postgrad",1.16225113441401,0.860399246247404
"syntax_full","Model5","female",1.01855520367231,0.981782819816333
"syntax_full","Model5","par_edu_yrs",1.25663067740492,0.795778758214869
"syntax_full","Model5","rural_origin",1.15445893296132,0.866206645770312
"syntax_full","Model5","cohort2",2.43206770247625,0.411172764221092
"syntax_full","Model5","cohort3",2.98049823580948,0.335514374068539
"syntax_full","Model5","cohort4",3.22373577893946,0.310199119460398
"syntax_full","Model6","edu_bachelor",10.755524804712,0.0929754724345853
"syntax_full","Model6","edu_postgrad",62.4928403289398,0.0160018330857801
"syntax_full","Model6","female",1.02086366406,0.979562732229075
"syntax_full","Model6","par_edu_yrs",1.2590838806488,0.794228260220997
"syntax_full","Model6","rural_origin",1.16542918044056,0.858052996083359
"syntax_full","Model6","cohort2",4.06876007824778,0.2457751208645
"syntax_full","Model6","cohort3",5.28984741011059,0.189041369716767
"syntax_full","Model6","cohort4",5.59657703186048,0.178680646099777
"syntax_full","Model6","bach_x_c2",4.97782816508874,0.200890823635366
"syntax_full","Model6","bach_x_c3",8.05199056937273,0.124192892600209
"syntax_full","Model6","bach_x_c4",8.82390579272552,0.113328499135202
"syntax_full","Model6","post_x_c2",11.6793871377923,0.0856209309788343
"syntax_full","Model6","post_x_c3",22.5648871152431,0.0443166409338904
"syntax_full","Model6","post_x_c4",34.0560354613616,0.0293633708813392
"syntax_full","Model7","edu_bachelor",1.15359913395008,0.866852245784779
"syntax_full","Model7","edu_postgrad",1.15826743097354,0.863358472541601
"syntax_full","Model7","female",1.01270036437474,0.987458912012361
"syntax_full","Model7","age",1.12238003418163,0.890963817553242
"syntax_full","Model7","par_edu_yrs",1.26742510730031,0.789001254780301
"syntax_full","Model7","rural_origin_f",1.15015937069654,0.86944472694632
"overview_full","Model1","edu_bachelor",1.11984032408602,0.892984453668578
"overview_full","Model1","edu_postgrad",1.1139954759031,0.897669713774475
"overview_full","Model1","female",1.00960496480573,0.99048641286389
"overview_full","Model1","age",1.04346716184347,0.958343526818154
"overview_full","Model2","edu_bachelor",1.15209759754065,0.867982020042983
"overview_full","Model2","edu_postgrad",1.15792078537362,0.863616935313357
"overview_full","Model2","female",1.00998206613247,0.990116590712649
"overview_full","Model2","age",1.0922825658094,0.91551401743649
"overview_full","Model2","par_edu_yrs",1.12241238382388,0.890938138612793
"overview_full","Model3","edu_bachelor",1.15449470735032,0.866179804578837
"overview_full","Model3","edu_postgrad",1.15863953559035,0.863081199357209
"overview_full","Model3","female",1.01265093498042,0.987507111736721
"overview_full","Model3","age",1.13104072799814,0.884141459494506
"overview_full","Model3","par_edu_yrs",1.26823863584614,0.78849513942841
"overview_full","Model3","rural_origin",1.15678161054666,0.864467407575258
"overview_full","Model4","edu_bachelor",2.09430962835809,0.477484315814366
"overview_full","Model4","edu_postgrad",1.85447407360519,0.539236441335602
"overview_full","Model4","female",1.01275657331015,0.987404107120774
"overview_full","Model4","age",1.1362754412902,0.880068303566023
"overview_full","Model4","par_edu_yrs",1.27564134001907,0.783919404795276
"overview_full","Model4","rural_origin",2.42618146499154,0.412170323790471
"overview_full","Model4","bach_x_rural",2.84375564593993,0.35164765349221
"overview_full","Model4","post_x_rural",1.75740018215358,0.56902236050446
"overview_full","Model5","edu_bachelor",1.1596373533994,0.862338555297971
"overview_full","Model5","edu_postgrad",1.16225113441401,0.860399246247404
"overview_full","Model5","female",1.01855520367231,0.981782819816333
"overview_full","Model5","par_edu_yrs",1.25663067740492,0.795778758214869
"overview_full","Model5","rural_origin",1.15445893296132,0.866206645770312
"overview_full","Model5","cohort2",2.43206770247625,0.411172764221092
"overview_full","Model5","cohort3",2.98049823580948,0.335514374068539
"overview_full","Model5","cohort4",3.22373577893946,0.310199119460398
"overview_full","Model6","edu_bachelor",10.755524804712,0.0929754724345853
"overview_full","Model6","edu_postgrad",62.4928403289398,0.0160018330857801
"overview_full","Model6","female",1.02086366406,0.979562732229075
"overview_full","Model6","par_edu_yrs",1.2590838806488,0.794228260220997
"overview_full","Model6","rural_origin",1.16542918044056,0.858052996083359
"overview_full","Model6","cohort2",4.06876007824778,0.2457751208645
"overview_full","Model6","cohort3",5.28984741011059,0.189041369716767
"overview_full","Model6","cohort4",5.59657703186048,0.178680646099777
"overview_full","Model6","bach_x_c2",4.97782816508874,0.200890823635366
"overview_full","Model6","bach_x_c3",8.05199056937273,0.124192892600209
"overview_full","Model6","bach_x_c4",8.82390579272552,0.113328499135202
"overview_full","Model6","post_x_c2",11.6793871377923,0.0856209309788343
"overview_full","Model6","post_x_c3",22.5648871152431,0.0443166409338904
"overview_full","Model6","post_x_c4",34.0560354613616,0.0293633708813392
"overview_full","Model7","edu_bachelor",1.15359913395008,0.866852245784779
"overview_full","Model7","edu_postgrad",1.15826743097354,0.863358472541601
"overview_full","Model7","female",1.01270036437474,0.987458912012361
"overview_full","Model7","age",1.12238003418163,0.890963817553242
"overview_full","Model7","par_edu_yrs",1.26742510730031,0.789001254780301
"overview_full","Model7","rural_origin_f",1.15015937069654,0.86944472694632
