"version","model","term","coefficient_name","N","outcome_sd","estimate","estimate_over_y_sd","se_classical","p_classical","se_hc3","p_hc3"
"historical_common","Model1","female","female",1646,16.343456333607,0.942657767125949,0.0576779934356704,0.775558234582253,0.224366632998584,0.778223128388391,0.225956776086234
"historical_common","Model1","age","age",1646,16.343456333607,0.229997001749924,0.0140727271548419,0.0411642909650834,2.6954909250368e-08,0.0421856327799177,5.73904503142397e-08
"historical_common","Model2","female","female",1646,16.343456333607,0.917547422447805,0.0561415776270687,0.775465553912036,0.236892910764804,0.778328229500883,0.23862114126584
"historical_common","Model2","age","age",1646,16.343456333607,0.243204924303156,0.0148808746044161,0.0421099152698989,9.16191434579188e-09,0.0429057489873659,1.7002826124111e-08
"historical_common","Model2","par_edu_yrs","par_edu_yrs",1646,16.343456333607,0.149307953522547,0.00913564123003316,0.101087920089575,0.139864724779616,0.106638939190277,0.161664730738578
"historical_common","Model3","female","female",1646,16.343456333607,1.06221415702832,0.064993238599359,0.773629320349453,0.16993168022872,0.777637763914434,0.172142112938399
"historical_common","Model3","age","age",1646,16.343456333607,0.271926208532314,0.0166382314108891,0.04269391122958,2.46198037962124e-10,0.0432655947873892,4.19184964468002e-10
"historical_common","Model3","par_edu_yrs","par_edu_yrs",1646,16.343456333607,0.280678643459584,0.0171737628644943,0.107018842536361,0.00880437807522255,0.111325761566676,0.0117884788667989
"historical_common","Model3","rural_origin","rural_origin",1646,16.343456333607,3.02452982446734,0.185060599345073,0.833156998952855,0.000291897901700492,0.827300579031318,0.000264366370052751
"historical_common","Model4","female","female",1646,16.343456333607,1.049302814535,0.0642032378657459,0.77342915806189,0.175067112567742,0.777720526056545,0.177458371047154
"historical_common","Model4","age","age",1646,16.343456333607,0.266895458988893,0.016330417112571,0.0427799994098151,5.60232293965241e-10,0.0433676275776295,9.46591812346362e-10
"historical_common","Model4","par_edu_yrs","par_edu_yrs",1646,16.343456333607,0.29431583300128,0.0180081756877876,0.107294199396007,0.00615307379568771,0.111927212987203,0.00863041199051364
"historical_common","Model4","rural_origin","rural_origin",1646,16.343456333607,1.65083043174702,0.1010086482351,1.20570540033681,0.171130130637359,1.23529719728373,0.18160977045482
"historical_common","Model5","female","female",1646,16.343456333607,1.09831283257665,0.0672019926604015,0.777309641484486,0.157855542318256,0.77976816231691,0.159169404356649
"historical_common","Model5","par_edu_yrs","par_edu_yrs",1646,16.343456333607,0.259678736929846,0.0158888506585887,0.106700948893305,0.0150514930053899,0.111118454126925,0.0195616026471343
"historical_common","Model5","rural_origin","rural_origin",1646,16.343456333607,2.91848875680422,0.178572310362707,0.833799700979947,0.000477319328587295,0.827090495022298,0.000429272747803216
"historical_common","Model6","female","female",1646,16.343456333607,1.16661866875588,0.0713813923409189,0.777959111183068,0.133914515275754,0.781254904669293,0.135561895294259
"historical_common","Model6","par_edu_yrs","par_edu_yrs",1646,16.343456333607,0.258030117634771,0.0157879773022176,0.106775964932236,0.0157772792688781,0.111384903818186,0.0206509474371005
"historical_common","Model6","rural_origin","rural_origin",1646,16.343456333607,2.95610717674094,0.180874052366898,0.83754374510575,0.000427909193947317,0.82875220805487,0.00037161096027137
"historical_common","Model7","female","female",1646,16.343456333607,1.06687605224484,0.065278483967374,0.773504385615574,0.167997833284327,0.778037734100958,0.170488025706181
"historical_common","Model7","age","age",1646,16.343456333607,0.269091118674592,0.0164647619929244,0.0425217904577148,3.19105434307069e-10,0.0432358381175345,6.14965313207459e-10
"historical_common","Model7","par_edu_yrs","par_edu_yrs",1646,16.343456333607,0.283297137106631,0.0173339795037166,0.106964005321416,0.00816192212151959,0.111405509969135,0.0110837804516227
"historical_common","Model7","rural_origin","rural_origin_f",1646,16.343456333607,3.08883700019816,0.188995334716721,0.831702992892501,0.000210951336922134,0.827326870534022,0.000195280286377201
"syntax_common","Model1","female","female",1646,17.9590195459262,1.34892109357546,0.0751110655081082,0.84720301102515,0.11153118538021,0.849756364271012,0.11260997607371
"syntax_common","Model1","age","age",1646,17.9590195459262,0.299799552884338,0.0166935367555933,0.0449669795216846,3.55331437211533e-11,0.0457072075661599,7.23274146472202e-11
"syntax_common","Model2","female","female",1646,17.9590195459262,1.32248759813854,0.0736391869698993,0.847141960663014,0.118689116314016,0.849507487591107,0.119718093293479
"syntax_common","Model2","age","age",1646,17.9590195459262,0.313703446479474,0.0174677379061394,0.0460021415588783,1.28178487655359e-11,0.0462484750079606,1.63802706118414e-11
"syntax_common","Model2","par_edu_yrs","par_edu_yrs",1646,17.9590195459262,0.157175505104469,0.00875189788075722,0.110431492916761,0.154843708649549,0.115612165376918,0.17417299363883
"syntax_common","Model3","female","female",1646,17.9590195459262,1.5040870968187,0.0837510696490042,0.844046701790135,0.0749351182897124,0.847756295577945,0.0762160984723842
"syntax_common","Model3","age","age",1646,17.9590195459262,0.349757144882145,0.0194752917322529,0.046580001574359,9.75266079533874e-14,0.0466363793634534,1.04283108501214e-13
"syntax_common","Model3","par_edu_yrs","par_edu_yrs",1646,17.9590195459262,0.322084538981599,0.0179344166399473,0.116759924548118,0.00587090411207467,0.121770888517127,0.00824702560635685
"syntax_common","Model3","rural_origin","rural_origin",1646,17.9590195459262,3.79667863147041,0.21140790129223,0.908992715945505,3.11199849903485e-05,0.912989432860763,3.36897972573669e-05
"syntax_common","Model4","female","female",1646,17.9590195459262,1.49224912903909,0.0830919040553966,0.844053525695949,0.0772545748810961,0.848083203502467,0.078670041496754
"syntax_common","Model4","age","age",1646,17.9590195459262,0.345158664460151,0.0192192376414249,0.0466863822688149,2.27768188021375e-13,0.0467776565203611,2.52968288123002e-13
"syntax_common","Model4","par_edu_yrs","par_edu_yrs",1646,17.9590195459262,0.333778991661339,0.0185855909788267,0.117091586660452,0.00441863607933913,0.122416326438108,0.00646754014233417
"syntax_common","Model4","rural_origin","rural_origin",1646,17.9590195459262,2.44848603562815,0.136337400233163,1.31580233754711,0.0629471912515108,1.35580815657331,0.0711138798462639
"syntax_common","Model5","female","female",1646,17.9590195459262,1.48943768225881,0.0829353561562702,0.848165195916685,0.0792633971747494,0.850322493974995,0.0800272766667531
"syntax_common","Model5","par_edu_yrs","par_edu_yrs",1646,17.9590195459262,0.29520832506317,0.0164378865064566,0.116427259347705,0.0113191237950502,0.121733361207456,0.0154142594577377
"syntax_common","Model5","rural_origin","rural_origin",1646,17.9590195459262,3.61722852583607,0.201415701819679,0.909804599086586,7.31879378564136e-05,0.911766393928858,7.58382115216907e-05
"syntax_common","Model6","female","female",1646,17.9590195459262,1.5572463203592,0.0867110989203442,0.849214359909234,0.0668733259513237,0.852774092886171,0.0680187254036798
"syntax_common","Model6","par_edu_yrs","par_edu_yrs",1646,17.9590195459262,0.295600655395908,0.0164597323723589,0.116555846457953,0.0113011700024367,0.121888949499786,0.0154094426041319
"syntax_common","Model6","rural_origin","rural_origin",1646,17.9590195459262,3.64489688586644,0.202956340492053,0.91425650162299,6.99480023600258e-05,0.914182913105095,6.98544085481133e-05
"syntax_common","Model7","female","female",1646,17.9590195459262,1.50892871402326,0.0840206621616789,0.843910122256562,0.073957354452995,0.848346187084435,0.0754790388116605
"syntax_common","Model7","age","age",1646,17.9590195459262,0.346023109300856,0.0192673719417688,0.0463921989985618,1.41014662772341e-13,0.0465496718540013,1.69653651240604e-13
"syntax_common","Model7","par_edu_yrs","par_edu_yrs",1646,17.9590195459262,0.324464878467452,0.018066959481708,0.116700058185203,0.0054924245518263,0.121816347542561,0.00780765293024599
"syntax_common","Model7","rural_origin","rural_origin_f",1646,17.9590195459262,3.85650238595024,0.214739027155023,0.907406069655937,2.2577761731021e-05,0.912617566161974,2.51248991795984e-05
"overview_common","Model1","female","female",1646,14.1914405752258,-1.81630193217058,-0.127985733551343,0.661641354577845,0.00611436469226318,0.664887963003178,0.0063675614353888
"overview_common","Model1","age","age",1646,14.1914405752258,0.262255043933071,0.0184798042554533,0.0351179267009456,1.3173605615102e-13,0.0362892244362819,7.54466902806084e-13
"overview_common","Model2","female","female",1646,14.1914405752258,-1.83794755766136,-0.129510992764885,0.661553054396377,0.00552784544237097,0.665073397370505,0.00578197403130567
"overview_common","Model2","age","age",1646,14.1914405752258,0.2736405405785,0.0192820833887856,0.0359241528223112,4.35538352292325e-14,0.0370042152793413,2.24756624730172e-13
"overview_common","Model2","par_edu_yrs","par_edu_yrs",1646,14.1914405752258,0.128706478790701,0.00906930329648041,0.0862385465872303,0.135774280934149,0.0902680431039971,0.154109021812732
"overview_common","Model3","female","female",1646,14.1914405752258,-1.70286950390708,-0.119992716375799,0.659461202483223,0.00990295679043989,0.664960130033271,0.0105302315636144
"overview_common","Model3","age","age",1646,14.1914405752258,0.300458144405999,0.0211717861067968,0.0363933699222427,3.06717670367597e-16,0.0372928238878782,1.49432695031527e-15
"overview_common","Model3","par_edu_yrs","par_edu_yrs",1646,14.1914405752258,0.25136976533344,0.0177127729916481,0.0912255685390938,0.0059255658518145,0.0936682438203899,0.00735632144845083
"overview_common","Model3","rural_origin","rural_origin",1646,14.1914405752258,2.82406044067749,0.198997446785458,0.710204101543851,7.30086833262936e-05,0.702375275571021,6.06530799241915e-05
"overview_common","Model4","female","female",1646,14.1914405752258,-1.70903370403753,-0.120427076798744,0.659663096524922,0.0096612750369318,0.665261318804891,0.0102881600191969
"overview_common","Model4","age","age",1646,14.1914405752258,0.298041178778551,0.0210014746000378,0.0364873583906889,6.18253238949526e-16,0.0373470623325719,2.72081680678904e-15
"overview_common","Model4","par_edu_yrs","par_edu_yrs",1646,14.1914405752258,0.258753909701199,0.0182330967972983,0.0915119672887596,0.00474776241568361,0.0943608536573887,0.00616985791608454
"overview_common","Model4","rural_origin","rural_origin",1646,14.1914405752258,2.26397532811303,0.159531043808567,1.02835450356703,0.0278360974448338,1.01429634293865,0.0257455203530081
"overview_common","Model5","female","female",1646,14.1914405752258,-1.71127495143732,-0.120585006318859,0.6628563509118,0.00991866073316053,0.665388489932558,0.0102033999905558
"overview_common","Model5","par_edu_yrs","par_edu_yrs",1646,14.1914405752258,0.228527603415033,0.0161031998269419,0.0909899965825318,0.0121152022268998,0.0938808377715309,0.0150297762483186
"overview_common","Model5","rural_origin","rural_origin",1646,14.1914405752258,2.67034604323439,0.188165960254666,0.711028652786818,0.000178972371823681,0.700591143151367,0.000143205893146611
"overview_common","Model6","female","female",1646,14.1914405752258,-1.66417188376014,-0.117265888190752,0.66346298470931,0.0122273663389851,0.666821958807654,0.0126698537167703
"overview_common","Model6","par_edu_yrs","par_edu_yrs",1646,14.1914405752258,0.226842174735016,0.0159844360783934,0.0910612130776722,0.0128337539891954,0.0941592619652614,0.0161006941071529
"overview_common","Model6","rural_origin","rural_origin",1646,14.1914405752258,2.65163718746938,0.186847640548795,0.714278250572109,0.000212262113639618,0.700374368561519,0.000158620001553725
"overview_common","Model7","female","female",1646,14.1914405752258,-1.69558968735446,-0.119479744030671,0.659188962451962,0.0101917695551839,0.665368176916734,0.0109139806136248
"overview_common","Model7","age","age",1646,14.1914405752258,0.298318350226101,0.0210210054888211,0.0362375384738302,3.7054805900051e-16,0.0372530336216656,2.19184613823583e-15
"overview_common","Model7","par_edu_yrs","par_edu_yrs",1646,14.1914405752258,0.25644095840869,0.0180701146616758,0.0911559042181988,0.00496343551344098,0.0936650516192754,0.00625108780503612
"overview_common","Model7","rural_origin","rural_origin_f",1646,14.1914405752258,2.94464804017185,0.207494653172304,0.708786456998157,3.4281344613454e-05,0.701916234835729,2.87280501123042e-05
