"major_group","label","N","historical","syntax","overview","historical_to_overview","syntax_to_overview"
0,"Armed forces occupations",4,45,45.05,47.5,2.5,2.45
1,"Managers",165,66.0060606060606,68.6967878787879,64.8121212121212,-1.19393939393939,-3.88466666666667
2,"Professionals",471,69.9469214437367,76.0002760084926,64.4416135881104,-5.50530785562633,-11.5586624203822
3,"Technicians and associate professionals",316,52.6392405063291,59.4477215189873,52.6582278481013,0.0189873417721525,-6.78949367088608
4,"Clerical support workers",322,43.1304347826087,45.4815527950311,42.3074534161491,-0.822981366459627,-3.17409937888199
5,"Service and sales workers",241,32.2780082987552,34.6115352697095,37.298755186722,5.0207468879668,2.68721991701245
7,"Craft and related trades workers",68,30,33.1451470588235,37.8823529411765,7.88235294117647,4.73720588235294
8,"Plant and machine operators and assemblers",27,25,27.1044444444444,34.1851851851852,9.18518518518519,7.08074074074074
9,"Elementary occupations",32,16.6875,22.2290625,22.90625,6.21875,0.677187500000001
