"type","model","term","estimate_syntax","estimate_overview","sign_changed"
"selected_main_effect","Model1","female",1.34892109357546,-1.81630193217058,TRUE
"selected_main_effect","Model1","age",0.299799552884338,0.262255043933071,FALSE
"selected_main_effect","Model2","female",1.32248759813854,-1.83794755766136,TRUE
"selected_main_effect","Model2","age",0.313703446479474,0.2736405405785,FALSE
"selected_main_effect","Model2","par_edu_yrs",0.157175505104469,0.128706478790701,FALSE
"selected_main_effect","Model3","female",1.5040870968187,-1.70286950390708,TRUE
"selected_main_effect","Model3","age",0.349757144882145,0.300458144405999,FALSE
"selected_main_effect","Model3","par_edu_yrs",0.322084538981599,0.25136976533344,FALSE
"selected_main_effect","Model3","rural_origin",3.79667863147041,2.82406044067749,FALSE
"selected_main_effect","Model4","female",1.49224912903909,-1.70903370403753,TRUE
"selected_main_effect","Model4","age",0.345158664460151,0.298041178778551,FALSE
"selected_main_effect","Model4","par_edu_yrs",0.333778991661339,0.258753909701199,FALSE
"selected_main_effect","Model4","rural_origin",2.44848603562815,2.26397532811303,FALSE
"selected_main_effect","Model5","female",1.48943768225881,-1.71127495143732,TRUE
"selected_main_effect","Model5","par_edu_yrs",0.29520832506317,0.228527603415033,FALSE
"selected_main_effect","Model5","rural_origin",3.61722852583607,2.67034604323439,FALSE
"selected_main_effect","Model6","female",1.5572463203592,-1.66417188376014,TRUE
"selected_main_effect","Model6","par_edu_yrs",0.295600655395908,0.226842174735016,FALSE
"selected_main_effect","Model6","rural_origin",3.64489688586644,2.65163718746938,FALSE
"selected_main_effect","Model7","female",1.50892871402326,-1.69558968735446,TRUE
"selected_main_effect","Model7","age",0.346023109300856,0.298318350226101,FALSE
"selected_main_effect","Model7","par_edu_yrs",0.324464878467452,0.25644095840869,FALSE
"selected_main_effect","Model7","rural_origin",3.85650238595024,2.94464804017185,FALSE
"model6_interaction","Model6","bach_x_c2",-3.48112606856163,-2.46336491963336,FALSE
"model6_interaction","Model6","bach_x_c3",1.71072139154683,0.234169624128963,FALSE
"model6_interaction","Model6","bach_x_c4",0.363974699828303,-0.827694844225767,TRUE
"model6_interaction","Model6","post_x_c2",2.75056343110328,-4.3984239895312,TRUE
"model6_interaction","Model6","post_x_c3",9.17242628577955,2.39169547153927,FALSE
"model6_interaction","Model6","post_x_c4",5.27037744608603,-3.88829904243942,TRUE
"model6_cohort_effect","Model6","bachelor_cohort1",7.74673824743409,7.00095091029276,FALSE
"model6_cohort_effect","Model6","bachelor_cohort2",4.26561217887246,4.5375859906594,FALSE
"model6_cohort_effect","Model6","bachelor_cohort3",9.45745963898092,7.23512053442172,FALSE
"model6_cohort_effect","Model6","bachelor_cohort4",8.11071294726239,6.17325606606699,FALSE
"model6_cohort_effect","Model6","postgraduate_cohort1",11.9054313851579,16.9877022336133,FALSE
"model6_cohort_effect","Model6","postgraduate_cohort2",14.6559948162612,12.5892782440821,FALSE
"model6_cohort_effect","Model6","postgraduate_cohort3",21.0778576709375,19.3793977051526,FALSE
"model6_cohort_effect","Model6","postgraduate_cohort4",17.175808831244,13.0994031911739,FALSE
