"contrast","model","group","isco_main","N_reported","female_share_reported","from_score","to_score","raw_difference","female_weight_sum","contribution","abs_share","net_share"
"M1_historical_to_overview","Model1","ISCO",2221,33,1,60,42,-18,0.0394438870295964,-0.709989966532735,0.19198451556763,0.257339738131647
"M1_historical_to_overview","Model1","ISCO",5221,69,0.318840579710145,30,45,15,-0.0293893396095144,-0.440840094142716,0.119205166137901,0.159784898001635
"M1_historical_to_overview","Model1","ISCO",2342,21,0.952380952380952,65,47,-18,0.0230994439090832,-0.415789990363497,0.112431504162848,0.150705351176211
"M1_historical_to_overview","Model1","small_cells_pooled",,312,,,,,-0.135221042672096,-0.354556462288013,0.0958736797171319,0.128510924743996
"M1_historical_to_overview","Model1","ISCO",2341,56,0.821428571428572,67,61,-6,0.046292115934354,-0.277752695606124,0.0751055919479482,0.100672980354496
"M1_historical_to_overview","Model1","ISCO",4110,149,0.63758389261745,45,41,-4,0.0500451616701936,-0.200180646680774,0.0541297571664364,0.0725565678729617
"M1_historical_to_overview","Model1","ISCO",2350,16,0.75,70,56,-14,0.00868108923438564,-0.121535249281399,0.0328636840765899,0.0440511143792306
"M1_historical_to_overview","Model1","ISCO",4312,21,0.80952380952381,45,52,7,0.0163509155848002,0.114456409093602,0.0309495334994039,-0.0414853501204768
"M1_historical_to_overview","Model1","ISCO",3412,36,0.75,47,42,-5,0.0228177035454219,-0.11408851772711,0.0308500540009507,0.0413520058869289
"M1_historical_to_overview","Model1","ISCO",7420,6,0,30,44,14,-0.00667377189078829,-0.0934328064710361,0.0252646557472709,0.0338652306138649
"M1_historical_to_overview","Model1","ISCO",2300,32,0.59375,70,63,-7,0.00912515191234796,-0.0638760633864357,0.0172723780104949,0.0231522277772751
"M1_historical_to_overview","Model1","ISCO",5412,24,0.125,50,53,3,-0.0198513133583855,-0.0595539400751566,0.0161036562126479,0.0215856505951651
"M1_historical_to_overview","Model1","ISCO",2423,12,0.75,65,58,-7,0.00766745724119205,-0.0536722006883443,0.0145132071357593,0.0194537820548918
"M1_historical_to_overview","Model1","ISCO",7231,6,0.166666666666667,30,38,8,-0.0049645593738507,-0.0397164749908056,0.0107395154447047,0.0143954531126107
"M1_historical_to_overview","Model1","ISCO",2144,5,0,75,69,-6,-0.00620260169586422,0.0372156101751853,0.0100632702260973,-0.0134890010117489
"M6_historical_to_overview","Model6","ISCO",2221,33,1,60,42,-18,0.040206267014856,-0.723712806267408,0.193646457340669,0.255657489609809
"M6_historical_to_overview","Model6","ISCO",5221,69,0.318840579710145,30,45,15,-0.0292765938908944,-0.439148908363415,0.117504664299357,0.155132956754112
"M6_historical_to_overview","Model6","ISCO",2342,21,0.952380952380952,65,47,-18,0.0229946048110381,-0.413902886598686,0.110749494797936,0.1462145923268
"M6_historical_to_overview","Model6","small_cells_pooled",,312,,,,,-0.140308817622806,-0.380173029524878,0.101724274748788,0.134299243434658
"M6_historical_to_overview","Model6","ISCO",2341,56,0.821428571428572,67,61,-6,0.0489377265018271,-0.293626359010962,0.0785666685899474,0.103725921633441
"M6_historical_to_overview","Model6","ISCO",4110,149,0.63758389261745,45,41,-4,0.0468524257210524,-0.18740970288421,0.0501458931229484,0.066204015947997
"M6_historical_to_overview","Model6","ISCO",2350,16,0.75,70,56,-14,0.00935813459454201,-0.131013884323588,0.0350558596476305,0.0462817301008521
"M6_historical_to_overview","Model6","ISCO",4312,21,0.80952380952381,45,52,7,0.0164625179812999,0.115237625869099,0.030834549020893,-0.0407086372980422
"M6_historical_to_overview","Model6","ISCO",3412,36,0.75,47,42,-5,0.0215278351523789,-0.107639175761895,0.0288014041990833,0.0380244224237024
"M6_historical_to_overview","Model6","ISCO",7420,6,0,30,44,14,-0.00656232248427225,-0.0918725147798115,0.0245826616028059,0.0324547200068034
"M6_historical_to_overview","Model6","ISCO",2300,32,0.59375,70,63,-7,0.0102273807379492,-0.0715916651656446,0.0191560412008572,0.0252903433996605
"M6_historical_to_overview","Model6","ISCO",5412,24,0.125,50,53,3,-0.0202833450310366,-0.0608500350931098,0.0162818643290419,0.0214957744009094
"M6_historical_to_overview","Model6","ISCO",2423,12,0.75,65,58,-7,0.00789723080002836,-0.0552806156001985,0.0147916345791929,0.019528331246925
"M6_historical_to_overview","Model6","ISCO",2166,6,0.166666666666667,67,60,-7,-0.00551306856777822,0.0385914799744475,0.0103260621006945,-0.0136327570897632
"M6_historical_to_overview","Model6","ISCO",5200,25,0.32,30,33,3,-0.0123738861639284,-0.0371216584917853,0.00993277664191046,0.0131135305855784
"M1_syntax_to_overview","Model1","ISCO",2221,33,1,68.7,42,-26.7,0.0394438870295964,-1.05315178369022,0.20765452082398,0.332725932777517
"M1_syntax_to_overview","Model1","ISCO",2341,56,0.821428571428572,76.49,61,-15.49,0.046292115934354,-0.717064875823144,0.141386802448373,0.226544818482145
"M1_syntax_to_overview","Model1","ISCO",5221,69,0.318840579710145,35.34,45,9.66,-0.0293893396095144,-0.283901020627909,0.0559779998599593,0.0896938441047117
"M1_syntax_to_overview","Model1","ISCO",2342,21,0.952380952380952,58.77,47,-11.77,0.0230994439090832,-0.271880454809909,0.0536078525805012,0.0858961446313336
"M1_syntax_to_overview","Model1","ISCO",3412,36,0.75,52.72,42,-10.72,0.0228177035454219,-0.244605782006923,0.048229986636345,0.0772791616948602
"M1_syntax_to_overview","Model1","ISCO",2330,69,0.579710144927536,82.41,71,-11.41,0.0195631927895344,-0.223216029728588,0.0440124760849811,0.0705214223177768
"M1_syntax_to_overview","Model1","ISCO",4311,60,0.75,50.37,45,-5.37,0.0379205112556566,-0.203633145442876,0.0401512335597564,0.0643345330760318
"M1_syntax_to_overview","Model1","small_cells_pooled",,312,,,,,-0.135221042672096,-0.166233881504195,0.0327770579161052,0.0525188525901786
"M1_syntax_to_overview","Model1","ISCO",4110,149,0.63758389261745,43.33,41,-2.33,0.0500451616701936,-0.116605226691551,0.0229915600478419,0.0368394977993904
"M1_syntax_to_overview","Model1","ISCO",2300,32,0.59375,75.54,63,-12.54,0.00912515191234796,-0.114429404980843,0.0225625438113102,0.0361520828232546
"M1_syntax_to_overview","Model1","ISCO",2350,16,0.75,68.88,56,-12.88,0.00868108923438564,-0.111812429338887,0.0220465433341194,0.0353252925400203
"M1_syntax_to_overview","Model1","ISCO",2166,6,0.166666666666667,79.74,60,-19.74,-0.00525659778154956,0.103765240207788,0.0204598440293497,-0.0327829158842073
"M1_syntax_to_overview","Model1","ISCO",4312,21,0.80952380952381,57.38,52,-5.38,0.0163509155848002,-0.0879679258462253,0.01734501880201,0.0277920150114829
"M1_syntax_to_overview","Model1","ISCO",3359,94,0.425531914893617,64.4,55,-9.40000000000001,-0.00933208240992858,0.0877215746533287,0.017296444665112,-0.0277141844160106
"M1_syntax_to_overview","Model1","ISCO",2523,9,0,75.13,68,-7.13,-0.0116168148330586,0.0828278897597077,0.0163315355158461,-0.0261681054023627
"M6_syntax_to_overview","Model6","ISCO",2221,33,1,68.7,42,-26.7,0.040206267014856,-1.07350732929666,0.210344024524295,0.333240598170061
"M6_syntax_to_overview","Model6","ISCO",2341,56,0.821428571428572,76.49,61,-15.49,0.0489377265018271,-0.758045383513301,0.148532117470236,0.235314180116062
"M6_syntax_to_overview","Model6","ISCO",5221,69,0.318840579710145,35.34,45,9.66,-0.0292765938908944,-0.282811896986039,0.0554144261263397,0.0877911152995899
"M6_syntax_to_overview","Model6","ISCO",2342,21,0.952380952380952,58.77,47,-11.77,0.0229946048110381,-0.270646498625918,0.0530307266571561,0.0840147045421898
"M6_syntax_to_overview","Model6","ISCO",3412,36,0.75,52.72,42,-10.72,0.0215278351523789,-0.230778392833502,0.04521893292862,0.0716387560417947
"M6_syntax_to_overview","Model6","ISCO",2330,69,0.579710144927536,82.41,71,-11.41,0.0188674189129115,-0.21527724979632,0.0421816245449838,0.0668268557994231
"M6_syntax_to_overview","Model6","ISCO",4311,60,0.75,50.37,45,-5.37,0.0389141137228783,-0.208968790691856,0.0409455392008351,0.0648685695091188
"M6_syntax_to_overview","Model6","small_cells_pooled",,312,,,,,-0.140308817622806,-0.154669930152553,0.0303061699657841,0.048012993145308
"M6_syntax_to_overview","Model6","ISCO",2300,32,0.59375,75.54,63,-12.54,0.0102273807379492,-0.128251354453883,0.0251296896726327,0.0398120785093608
"M6_syntax_to_overview","Model6","ISCO",2350,16,0.75,68.88,56,-12.88,0.00935813459454201,-0.120532773577701,0.0236173037570412,0.0374160589964915
"M6_syntax_to_overview","Model6","ISCO",4110,149,0.63758389261745,43.33,41,-2.33,0.0468524257210524,-0.109166151930052,0.0213901173398065,0.0338876063314155
"M6_syntax_to_overview","Model6","ISCO",2166,6,0.166666666666667,79.74,60,-19.74,-0.00551306856777822,0.108827973527942,0.0213238543491722,-0.0337826282190806
"M6_syntax_to_overview","Model6","ISCO",4312,21,0.80952380952381,57.38,52,-5.38,0.0164625179812999,-0.0885683467393933,0.017354164233637,0.0274935885772725
"M6_syntax_to_overview","Model6","ISCO",2423,12,0.75,68.55,58,-10.55,0.00789723080002836,-0.0833157849402992,0.016324972389546,0.0258630763412711
"M6_syntax_to_overview","Model6","ISCO",2523,9,0,75.13,68,-7.13,-0.0116758117098628,0.0832485374913216,0.0163117958618494,-0.0258422012344962
