"contrast","model","set","n_codes","contribution","net_share_pct"
"M1_historical_to_overview","Model1","nursing_2221",1,-0.709989966532735,25.7339738131647
"M1_historical_to_overview","Model1","shopkeeper_5221",1,-0.440840094142716,15.9784898001635
"M1_historical_to_overview","Model1","nursing_plus_primary_2341",2,-0.987742662138859,35.8012718486142
"M1_historical_to_overview","Model1","teaching_five_candidate",5,-0.878953998637456,31.8581673687213
"M1_historical_to_overview","Model1","nursing_plus_teaching_five_candidate",6,-1.58894396517019,57.592141181886
"M1_historical_to_overview","Model1","all_changed_23xx",9,-0.890227614480704,32.2667857275223
"M1_historical_to_overview","Model1","nursing_plus_all_changed_23xx",10,-1.60021758101344,58.000759540687
"M6_historical_to_overview","Model6","nursing_2221",1,-0.723712806267408,25.5657489609809
"M6_historical_to_overview","Model6","shopkeeper_5221",1,-0.439148908363415,15.5132956754112
"M6_historical_to_overview","Model6","nursing_plus_primary_2341",2,-1.01733916527837,35.938341124325
"M6_historical_to_overview","Model6","teaching_five_candidate",5,-0.910134795098881,32.1512587460754
"M6_historical_to_overview","Model6","nursing_plus_teaching_five_candidate",6,-1.63384760136629,57.7170077070563
"M6_historical_to_overview","Model6","all_changed_23xx",9,-0.918962015534094,32.4630875540162
"M6_historical_to_overview","Model6","nursing_plus_all_changed_23xx",10,-1.6426748218015,58.0288365149971
"M1_syntax_to_overview","Model1","nursing_2221",1,-1.05315178369022,33.2725932777517
"M1_syntax_to_overview","Model1","shopkeeper_5221",1,-0.283901020627909,8.96938441047117
"M1_syntax_to_overview","Model1","nursing_plus_primary_2341",2,-1.77021665951337,55.9270751259662
"M1_syntax_to_overview","Model1","teaching_five_candidate",5,-1.43840319468137,45.4439760794531
"M1_syntax_to_overview","Model1","nursing_plus_teaching_five_candidate",6,-2.4915549783716,78.7165693572047
"M1_syntax_to_overview","Model1","all_changed_23xx",10,-1.46793475572191,46.3769770338984
"M1_syntax_to_overview","Model1","nursing_plus_all_changed_23xx",11,-2.52108653941213,79.6495703116501
"M6_syntax_to_overview","Model6","nursing_2221",1,-1.07350732929666,33.3240598170061
"M6_syntax_to_overview","Model6","shopkeeper_5221",1,-0.282811896986039,8.77911152995899
"M6_syntax_to_overview","Model6","nursing_plus_primary_2341",2,-1.83155271280996,56.8554778286123
"M6_syntax_to_overview","Model6","teaching_five_candidate",5,-1.49275325996712,46.3383877963527
"M6_syntax_to_overview","Model6","nursing_plus_teaching_five_candidate",6,-2.56626058926378,79.6624476133589
"M6_syntax_to_overview","Model6","all_changed_23xx",10,-1.51999878814161,47.1841497076638
"M6_syntax_to_overview","Model6","nursing_plus_all_changed_23xx",11,-2.59350611743826,80.5082095246699
