"version","model","N","estimate","se_classical","p_classical","se_hc3","p_hc3"
"historical_common","Model1",1646,0.942657767125949,0.775558234582253,0.224366632998584,0.778223128388394,0.225956776086235
"historical_common","Model2",1646,0.917547422447805,0.775465553912036,0.236892910764804,0.778328229500886,0.238621141265842
"historical_common","Model3",1646,1.06221415702832,0.773629320349453,0.16993168022872,0.777637763914437,0.1721421129384
"historical_common","Model4",1646,1.049302814535,0.77342915806189,0.175067112567742,0.777720526056547,0.177458371047155
"historical_common","Model5",1646,1.09831283257665,0.777309641484486,0.157855542318256,0.779768162316912,0.15916940435665
"historical_common","Model6",1646,1.16661866875588,0.777959111183068,0.133914515275754,0.781254904669295,0.13556189529426
"historical_common","Model7",1646,1.06687605224484,0.773504385615574,0.167997833284327,0.77803773410096,0.170488025706183
"syntax_common","Model1",1646,1.34892109357546,0.84720301102515,0.11153118538021,0.849756364271015,0.112609976073711
"syntax_common","Model2",1646,1.32248759813854,0.847141960663014,0.118689116314016,0.849507487591109,0.11971809329348
"syntax_common","Model3",1646,1.5040870968187,0.844046701790135,0.0749351182897124,0.847756295577948,0.076216098472385
"syntax_common","Model4",1646,1.49224912903909,0.844053525695949,0.0772545748810961,0.84808320350247,0.0786700414967547
"syntax_common","Model5",1646,1.48943768225881,0.848165195916685,0.0792633971747494,0.850322493974997,0.0800272766667538
"syntax_common","Model6",1646,1.5572463203592,0.849214359909234,0.0668733259513237,0.852774092886172,0.0680187254036804
"syntax_common","Model7",1646,1.50892871402326,0.843910122256562,0.073957354452995,0.848346187084437,0.0754790388116613
"overview_common","Model1",1646,-1.81630193217058,0.661641354577845,0.00611436469226318,0.66488796300318,0.00636756143538897
"overview_common","Model2",1646,-1.83794755766136,0.661553054396377,0.00552784544237097,0.665073397370507,0.00578197403130582
"overview_common","Model3",1646,-1.70286950390708,0.659461202483223,0.00990295679043989,0.664960130033273,0.0105302315636146
"overview_common","Model4",1646,-1.70903370403753,0.659663096524922,0.00966127503693179,0.665261318804893,0.0102881600191971
"overview_common","Model5",1646,-1.71127495143732,0.6628563509118,0.00991866073316051,0.665388489932559,0.010203399990556
"overview_common","Model6",1646,-1.66417188376014,0.66346298470931,0.0122273663389851,0.666821958807655,0.0126698537167705
"overview_common","Model7",1646,-1.69558968735446,0.659188962451962,0.0101917695551839,0.665368176916736,0.0109139806136251
