"model","group","isco_main","N_reported","female_share_reported","from_score","to_score","raw_difference","female_weight_sum","contribution","abs_contribution","abs_share","net_share"
"Model1","small_cells_pooled",,312,,,,,-0.135221042672096,-0.166233881504195,1.74502983179007,0.262392765601043,0.0525188525901787
"Model1","ISCO",2221,33,1,68.7,42,-26.7,0.0394438870295964,-1.05315178369022,1.05315178369022,0.158357985683647,0.332725932777517
"Model1","ISCO",2341,56,0.821428571428572,76.49,61,-15.49,0.046292115934354,-0.717064875823144,0.717064875823144,0.107822016824546,0.226544818482145
"Model1","ISCO",5221,69,0.318840579710145,35.34,45,9.66,-0.0293893396095144,-0.283901020627909,0.283901020627909,0.0426889974041873,0.0896938441047117
"Model1","ISCO",2342,21,0.952380952380952,58.77,47,-11.77,0.0230994439090832,-0.271880454809909,0.271880454809909,0.0408815156914886,0.0858961446313336
"Model1","ISCO",3412,36,0.75,52.72,42,-10.72,0.0228177035454219,-0.244605782006923,0.244605782006923,0.0367803383378053,0.0772791616948602
"Model1","ISCO",2330,69,0.579710144927536,82.41,71,-11.41,0.0195631927895344,-0.223216029728588,0.223216029728588,0.0335640516282101,0.0705214223177768
"Model1","ISCO",4311,60,0.75,50.37,45,-5.37,0.0379205112556566,-0.203633145442876,0.203633145442876,0.0306194560272844,0.0643345330760318
"Model1","ISCO",4110,149,0.63758389261745,43.33,41,-2.33,0.0500451616701936,-0.116605226691551,0.116605226691551,0.0175334354506401,0.0368394977993904
"Model1","ISCO",2300,32,0.59375,75.54,63,-12.54,0.00912515191234796,-0.114429404980843,0.114429404980843,0.0172062663296735,0.0361520828232546
"Model1","ISCO",2350,16,0.75,68.88,56,-12.88,0.00868108923438564,-0.111812429338887,0.111812429338887,0.0168127627552967,0.0353252925400203
"Model1","ISCO",2166,6,0.166666666666667,79.74,60,-19.74,-0.00525659778154956,0.103765240207788,0.103765240207788,0.0156027409132875,-0.0327829158842073
"Model1","ISCO",4312,21,0.80952380952381,57.38,52,-5.38,0.0163509155848002,-0.0879679258462253,0.0879679258462253,0.0132273654733459,0.0277920150114829
"Model1","ISCO",3359,94,0.425531914893617,64.4,55,-9.40000000000001,-0.00933208240992858,0.0877215746533287,0.0877215746533287,0.0131903226849444,-0.0277141844160106
"Model1","ISCO",2523,9,0,75.13,68,-7.13,-0.0116168148330586,0.0828278897597077,0.0828278897597077,0.0124544799561699,-0.0261681054023627
"Model6","small_cells_pooled",,312,,,,,-0.140308817622806,-0.154669930152552,1.78541061566035,0.265121158560579,0.048012993145308
"Model6","ISCO",2221,33,1,68.7,42,-26.7,0.040206267014856,-1.07350732929666,1.07350732929666,0.159408432082799,0.333240598170061
"Model6","ISCO",2341,56,0.821428571428572,76.49,61,-15.49,0.0489377265018271,-0.758045383513301,0.758045383513301,0.112564509561971,0.235314180116062
"Model6","ISCO",5221,69,0.318840579710145,35.34,45,9.66,-0.0292765938908944,-0.282811896986039,0.282811896986039,0.0419956155329131,0.0877911152995899
"Model6","ISCO",2342,21,0.952380952380952,58.77,47,-11.77,0.0229946048110381,-0.270646498625918,0.270646498625918,0.0401891378076794,0.0840147045421898
"Model6","ISCO",3412,36,0.75,52.72,42,-10.72,0.0215278351523789,-0.230778392833502,0.230778392833502,0.0342689991546493,0.0716387560417947
"Model6","ISCO",2330,69,0.579710144927536,82.41,71,-11.41,0.0188674189129115,-0.21527724979632,0.21527724979632,0.0319671863587671,0.0668268557994231
"Model6","ISCO",4311,60,0.75,50.37,45,-5.37,0.0389141137228783,-0.208968790691856,0.208968790691856,0.0310304237049342,0.0648685695091188
"Model6","ISCO",2300,32,0.59375,75.54,63,-12.54,0.0102273807379492,-0.128251354453883,0.128251354453883,0.0190444413075258,0.0398120785093608
"Model6","ISCO",2350,16,0.75,68.88,56,-12.88,0.00935813459454201,-0.120532773577701,0.120532773577701,0.0178982852992732,0.0374160589964915
"Model6","ISCO",4110,149,0.63758389261745,43.33,41,-2.33,0.0468524257210524,-0.109166151930052,0.109166151930052,0.0162104204049392,0.0338876063314155
"Model6","ISCO",2166,6,0.166666666666667,79.74,60,-19.74,-0.00551306856777822,0.108827973527942,0.108827973527942,0.0161602032453787,-0.0337826282190806
"Model6","ISCO",4312,21,0.80952380952381,57.38,52,-5.38,0.0164625179812999,-0.0885683467393933,0.0885683467393933,0.0131517884420432,0.0274935885772725
"Model6","ISCO",2423,12,0.75,68.55,58,-10.55,0.00789723080002836,-0.0833157849402992,0.0833157849402992,0.0123718192532346,0.0258630763412711
"Model6","ISCO",2523,9,0,75.13,68,-7.13,-0.0116758117098628,0.0832485374913216,0.0832485374913216,0.0123618334710135,-0.0258422012344962
