"model","group","isco_main","N_reported","female_share_reported","syntax","overview","compression_pred","residual_from_compression","female_weight_sum","contribution","abs_share","cum_abs_share","share_of_residual_net","cum_share_of_residual_net"
"Model1","ISCO",2221,33,1,68.7,42,60.4089163231727,-18.4089163231727,0.0394438870295964,-0.726119215788516,0.223188071229102,0.223188071229102,0.259887262678416,0.259887262678416
"Model1","small_cells_pooled",,312,,,,,,-0.135221042672096,-0.557741700456823,0.171433687006644,0.394621758235746,0.199622817660766,0.459510080339182
"Model1","ISCO",5221,69,0.318840579710145,35.34,45,36.2301384192491,8.76986158075087,-0.0293893396095144,-0.25774044032512,0.0792219659018876,0.473843724137634,0.0922485675370618,0.551758647876244
"Model1","ISCO",2341,56,0.821428571428572,76.49,61,66.0549798684833,-5.05497986848334,0.046292115934354,-0.234005714117657,0.0719265967005064,0.54577032083814,0.0837536084582265,0.63551225633447
"Model1","ISCO",3412,36,0.75,52.72,42,48.8268758284275,-6.82687582842751,0.0228177035454219,-0.155773628794466,0.0478803135945666,0.593650634432707,0.0557533544142817,0.691265610748752
"Model1","ISCO",2342,21,0.952380952380952,58.77,47,53.2118160657997,-6.21181606579974,0.0230994439090832,-0.143489496785483,0.0441045262717766,0.637755160704483,0.0513567080058431,0.742622318754595
"Model1","ISCO",5412,24,0.125,51.5,53,47.94263994585,5.05736005415002,-0.0198513133583855,-0.100395239201114,0.030858596371876,0.668613757076359,0.0359327274841347,0.77855504623873
"Model1","ISCO",1120,35,0.314285714285714,70.34,70,61.5975612800802,8.40243871991983,-0.0109079802040776,-0.0916536352228609,0.0281716798312688,0.696785436907628,0.0328039967193664,0.811359042958096
"Model1","ISCO",4311,60,0.75,50.37,45,47.1236345792003,-2.12363457920029,0.0379205112556566,-0.080529308963466,0.0247523832921166,0.721537820199745,0.0288224594761243,0.84018150243422
"Model1","ISCO",4110,149,0.63758389261745,43.33,41,42.0211586666217,-1.02115866662169,0.0500451616701936,-0.051104050562002,0.0157079088790424,0.737245729078787,0.0182907868619281,0.858472289296149
"Model1","ISCO",2142,8,0.125,81.4,76,69.6136669041028,6.38633309589721,-0.00739950378241193,-0.0472556958988339,0.0145250358245877,0.751770764903375,0.0169134119936148,0.875385701289763
"Model1","ISCO",2166,6,0.166666666666667,79.74,60,68.4105262769891,-8.41052627698907,-0.00525659778154956,0.0442107537692851,0.0135891085744595,0.765359873477834,-0.01582358864525,0.859562112644513
"Model1","ISCO",9622,9,0.333333333333333,27.91,20,30.8449969376498,-10.8449969376498,-0.00404833572720587,0.0439041885641261,0.0134948792862687,0.778854752764103,-0.0157138650760773,0.843848247568436
"Model1","ISCO",1221,22,0.272727272727273,71.39,66,62.3585839659051,3.6414160340949,-0.0119823374339042,-0.0436326756577542,0.0134114240621549,0.792266176826258,0.0156166871685318,0.859464934736968
"Model1","ISCO",2350,16,0.75,68.88,56,60.5393773550284,-4.53937735502836,0.00868108923438564,-0.0394067398875506,0.0121124934827382,0.804378670308996,0.0141041712404409,0.873569105977409
"Model6","ISCO",2221,33,1,68.7,42,60.4089163231727,-18.4089163231727,0.040206267014856,-0.740153805143621,0.226072544149858,0.226072544149858,0.265018492122359,0.265018492122359
"Model6","small_cells_pooled",,312,,,,,,-0.140308817622806,-0.567035110705028,0.173195178094784,0.399267722244642,0.203031841456684,0.468050333579043
"Model6","ISCO",5221,69,0.318840579710145,35.34,45,36.2301384192491,8.76986158075087,-0.0292765938908944,-0.256751675979,0.0784222200844449,0.477689942329087,0.0919321653756,0.559982498954643
"Model6","ISCO",2341,56,0.821428571428572,76.49,61,66.0549798684833,-5.05497986848334,0.0489377265018271,-0.24737922227608,0.075559498257142,0.553249440586229,0.0885762770040573,0.6485587759587
"Model6","ISCO",3412,36,0.75,52.72,42,48.8268758284275,-6.82687582842751,0.0215278351523789,-0.146967857440148,0.0448898556068366,0.598139296193065,0.0526231165719455,0.701181892530646
"Model6","ISCO",2342,21,0.952380952380952,58.77,47,53.2118160657997,-6.21181606579974,0.0229946048110381,-0.142838255591922,0.0436285102085336,0.641767806401599,0.0511444767983242,0.75232636932897
"Model6","ISCO",5412,24,0.125,51.5,53,47.94263994585,5.05736005415002,-0.0202833450310366,-0.102580178924507,0.0313320851256192,0.673099891527218,0.036729723134963,0.789056092463933
"Model6","ISCO",1120,35,0.314285714285714,70.34,70,61.5975612800802,8.40243871991983,-0.0116569243370863,-0.0979465924051101,0.0299168026725684,0.703016694199786,0.0350706272768383,0.824126719740771
"Model6","ISCO",4311,60,0.75,50.37,45,47.1236345792003,-2.12363457920029,0.0389141137228783,-0.0826393575208367,0.0252413615546029,0.728258055754389,0.0295897390082092,0.853716458748981
"Model6","ISCO",4110,149,0.63758389261745,43.33,41,42.0211586666217,-1.02115866662169,0.0468524257210524,-0.0478437605773018,0.0146133960269359,0.742871451781325,0.0171308736070057,0.870847332355986
"Model6","ISCO",2166,6,0.166666666666667,79.74,60,68.4105262769891,-8.41052627698907,-0.00551306856777822,0.0463678080561412,0.0141625811568584,0.757034032938184,-0.0166023960002111,0.854244936355775
"Model6","ISCO",2142,8,0.125,81.4,76,69.6136669041028,6.38633309589721,-0.00700246150250651,-0.0447200516462035,0.0136592905149065,0.77069332345309,0.0160124025203263,0.870257338876102
"Model6","ISCO",2350,16,0.75,68.88,56,60.5393773550284,-4.53937735502836,0.00935813459454201,-0.0424801042637715,0.0129751210895937,0.783668444542684,0.015210369924398,0.8854677088005
"Model6","ISCO",1221,22,0.272727272727273,71.39,66,62.3585839659051,3.6414160340949,-0.0116283956162514,-0.0423438262478165,0.0129334963386777,0.796601940881362,0.0151615743983238,0.900629283198824
"Model6","ISCO",9622,9,0.333333333333333,27.91,20,30.8449969376498,-10.8449969376498,-0.00373722464054479,0.0405301897820178,0.0123795393001045,0.808981480181466,-0.0145121861251246,0.886117097073699
