"version","model","term","estimate","se_classical","p_classical","se_hc3","p_hc3","term_group","hc3_to_classical_se_ratio","p_hc3_recomputed","hc3_p_reference","p_hc3_minus_recomputed_t"
"historical_common","Model6","edu_postgrad",15.7635299614951,11.1631394167407,0.158109675555544,1.6657514457671,1.00312654101834e-20,"postgraduate_main",0.149218905505119,1.00312654101871e-20,"t(df.residual); diagnostic",-3.73148926725027e-33
"historical_common","Model6","bach_x_c2",-2.65544882167798,3.08006273636689,0.388736590060393,3.09431305487828,0.390924299892208,"bachelor_interaction",1.00462663254976,0.390924299892208,"t(df.residual); diagnostic",-3.33066907387547e-16
"historical_common","Model6","bach_x_c3",1.39729379761082,2.91133602015738,0.631327773094501,2.8817042839277,0.627823378249432,"bachelor_interaction",0.989821945655013,0.627823378249432,"t(df.residual); diagnostic",-4.44089209850063e-16
"historical_common","Model6","bach_x_c4",1.22795496645457,2.85191109893961,0.66683600965157,2.84840257452159,0.666450430522067,"bachelor_interaction",0.998769763749184,0.666450430522068,"t(df.residual); diagnostic",-1.22124532708767e-15
"historical_common","Model6","post_x_c2",-2.68415249421174,11.7200369985705,0.818880120333449,3.29491938075359,0.415400919743851,"postgraduate_interaction",0.281135578424835,0.41540091974385,"t(df.residual); diagnostic",1.27675647831893e-15
"historical_common","Model6","post_x_c3",4.4788152808565,11.4620802766378,0.696032590614653,2.89413382281792,0.121924805358647,"postgraduate_interaction",0.25249638398684,0.121924805358647,"t(df.residual); diagnostic",-1.66533453693773e-16
"historical_common","Model6","post_x_c4",-1.10070716453512,11.3660186325608,0.922863824202955,2.71831784907154,0.685587820887057,"postgraduate_interaction",0.239161832911679,0.685587820887058,"t(df.residual); diagnostic",-7.7715611723761e-16
"syntax_common","Model6","edu_postgrad",11.9054313851579,12.1855996775314,0.328709955731177,1.81585027670207,7.3760300372212e-11,"postgraduate_main",0.149016078383918,7.37603003722126e-11,"t(df.residual); diagnostic",-5.55761974059065e-25
"syntax_common","Model6","bach_x_c2",-3.48112606856163,3.36217349671041,0.300645123413367,3.31568586889681,0.293921366864951,"bachelor_interaction",0.986173340590816,0.29392136686495,"t(df.residual); diagnostic",4.9960036108132e-16
"syntax_common","Model6","bach_x_c3",1.71072139154683,3.1779926724926,0.590441678911782,3.09147435462963,0.580087641641297,"bachelor_interaction",0.972775796932499,0.580087641641298,"t(df.residual); diagnostic",-6.66133814775094e-16
"syntax_common","Model6","bach_x_c4",0.363974699828303,3.11312487197561,0.906940862628619,3.04372315760796,0.904828955170202,"bachelor_interaction",0.977706736086173,0.904828955170202,"t(df.residual); diagnostic",2.22044604925031e-16
"syntax_common","Model6","post_x_c2",2.75056343110328,12.7935049217664,0.829796642831748,3.43643425417145,0.423588663552963,"postgraduate_interaction",0.268607725184427,0.423588663552964,"t(df.residual); diagnostic",-6.66133814775094e-16
"syntax_common","Model6","post_x_c3",9.17242628577955,12.5119212892189,0.463605869639958,2.95351063522098,0.00193161818617659,"postgraduate_interaction",0.236055723733326,0.00193161818617658,"t(df.residual); diagnostic",1.17093834628434e-17
"syntax_common","Model6","post_x_c4",5.27037744608603,12.4070611154462,0.671046858797327,2.86412693660009,0.065930161198171,"postgraduate_interaction",0.230846524406524,0.0659301611981716,"t(df.residual); diagnostic",-5.68989300120393e-16
"overview_common","Model6","edu_postgrad",16.9877022336133,9.52020445508233,0.0745470934447393,2.41821866563083,3.1350719692391e-12,"postgraduate_main",0.254009110522818,3.13507196923925e-12,"t(df.residual); diagnostic",-1.47422325967703e-25
"overview_common","Model6","bach_x_c2",-2.46336491963336,2.62675452576714,0.348487118143629,2.77183387917416,0.374288367329316,"bachelor_interaction",1.05523140894357,0.374288367329316,"t(df.residual); diagnostic",3.88578058618805e-16
"overview_common","Model6","bach_x_c3",0.234169624128963,2.48286016277636,0.924870945655489,2.56948407088462,0.927396608126539,"bachelor_interaction",1.03488875829857,0.927396608126539,"t(df.residual); diagnostic",4.44089209850063e-16
"overview_common","Model6","bach_x_c4",-0.827694844225767,2.4321811039023,0.733667129597182,2.51803348989701,0.742419478276129,"bachelor_interaction",1.03529851698007,0.742419478276128,"t(df.residual); diagnostic",5.55111512312578e-16
"overview_common","Model6","post_x_c2",-4.3984239895312,9.99514063939713,0.659954683344332,3.40967142171605,0.197238836232239,"postgraduate_interaction",0.341132910954388,0.197238836232239,"t(df.residual); diagnostic",-1.94289029309402e-16
"overview_common","Model6","post_x_c3",2.39169547153927,9.77514869612,0.806741956031202,3.35454133248136,0.475964811050927,"postgraduate_interaction",0.343170363619416,0.475964811050928,"t(df.residual); diagnostic",-1.49880108324396e-15
"overview_common","Model6","post_x_c4",-3.88829904243942,9.6932249238044,0.688372727537269,2.99455608330786,0.19431427843925,"postgraduate_interaction",0.308932899715749,0.194314278439251,"t(df.residual); diagnostic",-1.41553435639707e-15
"syntax_full","Model6","edu_postgrad",11.8964723839403,12.1735376441929,0.328594735373486,1.81549524822139,7.54875843807442e-11,"postgraduate_main",0.14913456558681,7.54875843807535e-11,"t(df.residual); diagnostic",-9.3187065882927e-24
"syntax_full","Model6","bach_x_c2",-3.44219182949291,3.3565084184299,0.305266035309218,3.31126289937139,0.298707141369617,"bachelor_interaction",0.986520063882433,0.298707141369616,"t(df.residual); diagnostic",6.66133814775094e-16
"syntax_full","Model6","bach_x_c3",1.76459917104093,3.17359191948209,0.578269258342337,3.0897691424013,0.568003324808547,"bachelor_interaction",0.973587411611992,0.568003324808547,"t(df.residual); diagnostic",4.44089209850063e-16
"syntax_full","Model6","bach_x_c4",0.389609423464843,3.10967010571068,0.900309662696945,3.04333169039492,0.898148343186572,"bachelor_interaction",0.978667056935096,0.898148343186572,"t(df.residual); diagnostic",4.44089209850063e-16
"syntax_full","Model6","post_x_c2",2.75397168645783,12.7808612325521,0.829422924530562,3.43776449094304,0.423193764854738,"postgraduate_interaction",0.268977530417689,0.423193764854738,"t(df.residual); diagnostic",-1.66533453693773e-16
"syntax_full","Model6","post_x_c3",9.16727078828544,12.4995592170655,0.463415053711641,2.95377291129747,0.00194470133791717,"postgraduate_interaction",0.236310165822865,0.00194470133791716,"t(df.residual); diagnostic",1.49619899803e-17
"syntax_full","Model6","post_x_c4",5.26060047856352,12.3947984122198,0.671315368044225,2.86397108006299,0.0664178422050093,"postgraduate_interaction",0.231062336378093,0.0664178422050094,"t(df.residual); diagnostic",-6.93889390390723e-17
"overview_full","Model6","edu_postgrad",16.9798510103014,9.51368350080329,0.0744820368383189,2.39888526633114,2.15895879885214e-12,"postgraduate_main",0.252151048132786,2.15895879885191e-12,"t(df.residual); diagnostic",2.27797785878861e-25
"overview_full","Model6","bach_x_c2",-2.42135394943572,2.62312892883332,0.356102489667249,2.76823821263797,0.381870347194334,"bachelor_interaction",1.0553191580519,0.381870347194333,"t(df.residual); diagnostic",7.7715611723761e-16
"overview_full","Model6","bach_x_c3",0.304855781487409,2.48017872578412,0.902188041211641,2.5685382152806,0.905536779026389,"bachelor_interaction",1.03562625893767,0.905536779026389,"t(df.residual); diagnostic",3.33066907387547e-16
"overview_full","Model6","bach_x_c4",-0.801634357256376,2.43022349314814,0.741547744561881,2.51784859730188,0.750236851356338,"bachelor_interaction",1.0360563974469,0.750236851356338,"t(df.residual); diagnostic",-4.44089209850063e-16
"overview_full","Model6","post_x_c2",-4.39578868369482,9.98831006960336,0.659927679434344,3.39673264598715,0.195805816897459,"postgraduate_interaction",0.340070805002756,0.195805816897459,"t(df.residual); diagnostic",-3.05311331771918e-16
"overview_full","Model6","post_x_c3",2.38533733051888,9.76847106949525,0.807116340378616,3.34113717283792,0.47537250155823,"postgraduate_interaction",0.342032765318981,0.475372501558231,"t(df.residual); diagnostic",-9.43689570931383e-16
"overview_full","Model6","post_x_c4",-3.90058966102927,9.68659995119575,0.68723708165386,2.97908407085237,0.190608205486857,"postgraduate_interaction",0.307546929352091,0.190608205486858,"t(df.residual); diagnostic",-1.11022302462516e-15
