"version","model","term","estimate","se_classical","p_classical","se_hc3","p_hc3","term_group","hc3_se_ratio"
"historical_common","Model6","edu_postgrad",15.7635299614951,11.1631394167407,0.158109675555544,1.66575144576776,1.00312654105258e-20,"postgraduate_main",0.149218905505178
"historical_common","Model6","bach_x_c2",-2.65544882167798,3.08006273636689,0.388736590060393,3.09431305487827,0.390924299892207,"bachelor_interaction",1.00462663254976
"historical_common","Model6","bach_x_c3",1.39729379761082,2.91133602015738,0.631327773094501,2.88170428392771,0.627823378249433,"bachelor_interaction",0.989821945655016
"historical_common","Model6","bach_x_c4",1.22795496645457,2.85191109893961,0.66683600965157,2.84840257452159,0.666450430522067,"bachelor_interaction",0.998769763749183
"historical_common","Model6","post_x_c2",-2.68415249421174,11.7200369985705,0.818880120333449,3.29491938075303,0.415400919743771,"postgraduate_interaction",0.281135578424787
"historical_common","Model6","post_x_c3",4.4788152808565,11.4620802766378,0.696032590614653,2.89413382281738,0.121924805358578,"postgraduate_interaction",0.252496383986793
"historical_common","Model6","post_x_c4",-1.10070716453512,11.3660186325608,0.922863824202955,2.71831784907055,0.68558782088695,"postgraduate_interaction",0.239161832911592
"syntax_common","Model6","edu_postgrad",11.9054313851579,12.1855996775314,0.328709955731177,1.81585027670189,7.37603003718975e-11,"postgraduate_main",0.149016078383904
"syntax_common","Model6","bach_x_c2",-3.48112606856163,3.36217349671041,0.300645123413367,3.31568586889681,0.29392136686495,"bachelor_interaction",0.986173340590816
"syntax_common","Model6","bach_x_c3",1.71072139154683,3.1779926724926,0.590441678911782,3.09147435462965,0.5800876416413,"bachelor_interaction",0.972775796932504
"syntax_common","Model6","bach_x_c4",0.363974699828303,3.11312487197561,0.906940862628619,3.04372315760797,0.904828955170202,"bachelor_interaction",0.977706736086179
"syntax_common","Model6","post_x_c2",2.75056343110328,12.7935049217664,0.829796642831748,3.43643425417081,0.423588663552876,"postgraduate_interaction",0.268607725184377
"syntax_common","Model6","post_x_c3",9.17242628577955,12.5119212892189,0.463605869639958,2.95351063522006,0.00193161818617031,"postgraduate_interaction",0.236055723733253
"syntax_common","Model6","post_x_c4",5.27037744608603,12.4070611154462,0.671046858797327,2.86412693659892,0.0659301611980608,"postgraduate_interaction",0.230846524406429
"overview_common","Model6","edu_postgrad",16.9877022336133,9.52020445508233,0.0745470934447393,2.41821866563127,3.13507196926701e-12,"postgraduate_main",0.254009110522864
"overview_common","Model6","bach_x_c2",-2.46336491963336,2.62675452576714,0.348487118143629,2.77183387917415,0.374288367329314,"bachelor_interaction",1.05523140894357
"overview_common","Model6","bach_x_c3",0.234169624128963,2.48286016277636,0.924870945655489,2.56948407088461,0.927396608126538,"bachelor_interaction",1.03488875829857
"overview_common","Model6","bach_x_c4",-0.827694844225767,2.4321811039023,0.733667129597182,2.518033489897,0.742419478276127,"bachelor_interaction",1.03529851698007
"overview_common","Model6","post_x_c2",-4.3984239895312,9.99514063939713,0.659954683344332,3.40967142171577,0.197238836232202,"postgraduate_interaction",0.34113291095436
"overview_common","Model6","post_x_c3",2.39169547153927,9.77514869612,0.806741956031202,3.35454133248135,0.475964811050927,"postgraduate_interaction",0.343170363619415
"overview_common","Model6","post_x_c4",-3.88829904243942,9.6932249238044,0.688372727537269,2.99455608330749,0.194314278439195,"postgraduate_interaction",0.30893289971571
"syntax_full","Model6","edu_postgrad",11.8964723839403,12.1735376441929,0.328594735373486,1.8154952482226,7.54875843828955e-11,"postgraduate_main",0.14913456558691
"syntax_full","Model6","bach_x_c2",-3.44219182949291,3.3565084184299,0.305266035309218,3.31126289937139,0.298707141369616,"bachelor_interaction",0.986520063882434
"syntax_full","Model6","bach_x_c3",1.76459917104093,3.17359191948209,0.578269258342337,3.08976914240132,0.56800332480855,"bachelor_interaction",0.973587411611998
"syntax_full","Model6","bach_x_c4",0.389609423464843,3.10967010571068,0.900309662696945,3.04333169039494,0.898148343186572,"bachelor_interaction",0.978667056935102
"syntax_full","Model6","post_x_c2",2.75397168645783,12.7808612325521,0.829422924530562,3.4377644909432,0.42319376485476,"postgraduate_interaction",0.268977530417701
"syntax_full","Model6","post_x_c3",9.16727078828544,12.4995592170655,0.463415053711641,2.95377291129781,0.00194470133791953,"postgraduate_interaction",0.236310165822893
"syntax_full","Model6","post_x_c4",5.26060047856352,12.3947984122198,0.671315368044225,2.86397108006323,0.0664178422050322,"postgraduate_interaction",0.231062336378112
"overview_full","Model6","edu_postgrad",16.9798510103014,9.51368350080329,0.0744820368383189,2.39888526633163,2.15895879887384e-12,"postgraduate_main",0.252151048132837
"overview_full","Model6","bach_x_c2",-2.42135394943572,2.62312892883332,0.356102489667249,2.76823821263797,0.381870347194334,"bachelor_interaction",1.0553191580519
"overview_full","Model6","bach_x_c3",0.304855781487409,2.48017872578412,0.902188041211641,2.56853821528061,0.905536779026389,"bachelor_interaction",1.03562625893767
"overview_full","Model6","bach_x_c4",-0.801634357256376,2.43022349314814,0.741547744561881,2.51784859730188,0.750236851356339,"bachelor_interaction",1.0360563974469
"overview_full","Model6","post_x_c2",-4.39578868369482,9.98831006960336,0.659927679434344,3.39673264598742,0.195805816897495,"postgraduate_interaction",0.340070805002783
"overview_full","Model6","post_x_c3",2.38533733051888,9.76847106949525,0.807116340378616,3.34113717283815,0.475372501558261,"postgraduate_interaction",0.342032765319004
"overview_full","Model6","post_x_c4",-3.90058966102927,9.68659995119575,0.68723708165386,2.97908407085234,0.190608205486854,"postgraduate_interaction",0.307546929352088
