"isco_main","isei"
1,NA
2,NA
3,NA
4,NA
5,NA
6,NA
7,NA
8,NA
9,NA
10,NA
11,NA
12,NA
13,NA
14,NA
15,NA
16,NA
17,NA
18,NA
19,NA
20,NA
21,NA
22,NA
23,NA
24,NA
25,NA
26,NA
27,NA
28,NA
29,NA
30,NA
31,NA
32,NA
33,NA
34,NA
35,NA
36,NA
37,NA
38,NA
39,NA
40,NA
41,NA
42,NA
43,NA
44,NA
45,NA
46,NA
47,NA
48,NA
49,NA
50,NA
51,NA
52,NA
53,NA
54,NA
55,NA
56,NA
57,NA
58,NA
59,NA
60,NA
61,NA
62,NA
63,NA
64,NA
65,NA
66,NA
67,NA
68,NA
69,NA
70,NA
71,NA
72,NA
73,NA
74,NA
75,NA
76,NA
77,NA
78,NA
79,NA
80,NA
81,NA
82,NA
83,NA
84,NA
85,NA
86,NA
87,NA
88,NA
89,NA
90,NA
91,NA
92,NA
93,NA
94,NA
95,NA
96,NA
97,NA
98,NA
99,NA
100,45
101,45
102,45
103,45
104,45
105,45
106,45
107,45
108,45
109,45
110,45
111,45
112,45
113,45
114,45
115,45
116,45
117,45
118,45
119,45
120,45
121,45
122,45
123,45
124,45
125,45
126,45
127,45
128,45
129,45
130,45
131,45
132,45
133,45
134,45
135,45
136,45
137,45
138,45
139,45
140,45
141,45
142,45
143,45
144,45
145,45
146,45
147,45
148,45
149,45
150,45
151,45
152,45
153,45
154,45
155,45
156,45
157,45
158,45
159,45
160,45
161,45
162,45
163,45
164,45
165,45
166,45
167,45
168,45
169,45
170,45
171,45
172,45
173,45
174,45
175,45
176,45
177,45
178,45
179,45
180,45
181,45
182,45
183,45
184,45
185,45
186,45
187,45
188,45
189,45
190,45
191,45
192,45
193,45
194,45
195,45
196,45
197,45
198,45
199,45
200,45
201,45
202,45
203,45
204,45
205,45
206,45
207,45
208,45
209,45
210,45
211,45
212,45
213,45
214,45
215,45
216,45
217,45
218,45
219,45
220,45
221,45
222,45
223,45
224,45
225,45
226,45
227,45
228,45
229,45
230,45
231,45
232,45
233,45
234,45
235,45
236,45
237,45
238,45
239,45
240,45
241,45
242,45
243,45
244,45
245,45
246,45
247,45
248,45
249,45
250,45
251,45
252,45
253,45
254,45
255,45
256,45
257,45
258,45
259,45
260,45
261,45
262,45
263,45
264,45
265,45
266,45
267,45
268,45
269,45
270,45
271,45
272,45
273,45
274,45
275,45
276,45
277,45
278,45
279,45
280,45
281,45
282,45
283,45
284,45
285,45
286,45
287,45
288,45
289,45
290,45
291,45
292,45
293,45
294,45
295,45
296,45
297,45
298,45
299,45
300,45
301,45
302,45
303,45
304,45
305,45
306,45
307,45
308,45
309,45
310,45
311,45
312,45
313,45
314,45
315,45
316,45
317,45
318,45
319,45
320,45
321,45
322,45
323,45
324,45
325,45
326,45
327,45
328,45
329,45
330,45
331,45
332,45
333,45
334,45
335,45
336,45
337,45
338,45
339,45
340,45
341,45
342,45
343,45
344,45
345,45
346,45
347,45
348,45
349,45
350,45
351,45
352,45
353,45
354,45
355,45
356,45
357,45
358,45
359,45
360,45
361,45
362,45
363,45
364,45
365,45
366,45
367,45
368,45
369,45
370,45
371,45
372,45
373,45
374,45
375,45
376,45
377,45
378,45
379,45
380,45
381,45
382,45
383,45
384,45
385,45
386,45
387,45
388,45
389,45
390,45
391,45
392,45
393,45
394,45
395,45
396,45
397,45
398,45
399,45
400,NA
401,NA
402,NA
403,NA
404,NA
405,NA
406,NA
407,NA
408,NA
409,NA
410,NA
411,NA
412,NA
413,NA
414,NA
415,NA
416,NA
417,NA
418,NA
419,NA
420,NA
421,NA
422,NA
423,NA
424,NA
425,NA
426,NA
427,NA
428,NA
429,NA
430,NA
431,NA
432,NA
433,NA
434,NA
435,NA
436,NA
437,NA
438,NA
439,NA
440,NA
441,NA
442,NA
443,NA
444,NA
445,NA
446,NA
447,NA
448,NA
449,NA
450,NA
451,NA
452,NA
453,NA
454,NA
455,NA
456,NA
457,NA
458,NA
459,NA
460,NA
461,NA
462,NA
463,NA
464,NA
465,NA
466,NA
467,NA
468,NA
469,NA
470,NA
471,NA
472,NA
473,NA
474,NA
475,NA
476,NA
477,NA
478,NA
479,NA
480,NA
481,NA
482,NA
483,NA
484,NA
485,NA
486,NA
487,NA
488,NA
489,NA
490,NA
491,NA
492,NA
493,NA
494,NA
495,NA
496,NA
497,NA
498,NA
499,NA
500,NA
501,NA
502,NA
503,NA
504,NA
505,NA
506,NA
507,NA
508,NA
509,NA
510,NA
511,NA
512,NA
513,NA
514,NA
515,NA
516,NA
517,NA
518,NA
519,NA
520,NA
521,NA
522,NA
523,NA
524,NA
525,NA
526,NA
527,NA
528,NA
529,NA
530,NA
531,NA
532,NA
533,NA
534,NA
535,NA
536,NA
537,NA
538,NA
539,NA
540,NA
541,NA
542,NA
543,NA
544,NA
545,NA
546,NA
547,NA
548,NA
549,NA
550,NA
551,NA
552,NA
553,NA
554,NA
555,NA
556,NA
557,NA
558,NA
559,NA
560,NA
561,NA
562,NA
563,NA
564,NA
565,NA
566,NA
567,NA
568,NA
569,NA
570,NA
571,NA
572,NA
573,NA
574,NA
575,NA
576,NA
577,NA
578,NA
579,NA
580,NA
581,NA
582,NA
583,NA
584,NA
585,NA
586,NA
587,NA
588,NA
589,NA
590,NA
591,NA
592,NA
593,NA
594,NA
595,NA
596,NA
597,NA
598,NA
599,NA
600,NA
601,NA
602,NA
603,NA
604,NA
605,NA
606,NA
607,NA
608,NA
609,NA
610,NA
611,NA
612,NA
613,NA
614,NA
615,NA
616,NA
617,NA
618,NA
619,NA
620,NA
621,NA
622,NA
623,NA
624,NA
625,NA
626,NA
627,NA
628,NA
629,NA
630,NA
631,NA
632,NA
633,NA
634,NA
635,NA
636,NA
637,NA
638,NA
639,NA
640,NA
641,NA
642,NA
643,NA
644,NA
645,NA
646,NA
647,NA
648,NA
649,NA
650,NA
651,NA
652,NA
653,NA
654,NA
655,NA
656,NA
657,NA
658,NA
659,NA
660,NA
661,NA
662,NA
663,NA
664,NA
665,NA
666,NA
667,NA
668,NA
669,NA
670,NA
671,NA
672,NA
673,NA
674,NA
675,NA
676,NA
677,NA
678,NA
679,NA
680,NA
681,NA
682,NA
683,NA
684,NA
685,NA
686,NA
687,NA
688,NA
689,NA
690,NA
691,NA
692,NA
693,NA
694,NA
695,NA
696,NA
697,NA
698,NA
699,NA
700,NA
701,NA
702,NA
703,NA
704,NA
705,NA
706,NA
707,NA
708,NA
709,NA
710,NA
711,NA
712,NA
713,NA
714,NA
715,NA
716,NA
717,NA
718,NA
719,NA
720,NA
721,NA
722,NA
723,NA
724,NA
725,NA
726,NA
727,NA
728,NA
729,NA
730,NA
731,NA
732,NA
733,NA
734,NA
735,NA
736,NA
737,NA
738,NA
739,NA
740,NA
741,NA
742,NA
743,NA
744,NA
745,NA
746,NA
747,NA
748,NA
749,NA
750,NA
751,NA
752,NA
753,NA
754,NA
755,NA
756,NA
757,NA
758,NA
759,NA
760,NA
761,NA
762,NA
763,NA
764,NA
765,NA
766,NA
767,NA
768,NA
769,NA
770,NA
771,NA
772,NA
773,NA
774,NA
775,NA
776,NA
777,NA
778,NA
779,NA
780,NA
781,NA
782,NA
783,NA
784,NA
785,NA
786,NA
787,NA
788,NA
789,NA
790,NA
791,NA
792,NA
793,NA
794,NA
795,NA
796,NA
797,NA
798,NA
799,NA
800,NA
801,NA
802,NA
803,NA
804,NA
805,NA
806,NA
807,NA
808,NA
809,NA
810,NA
811,NA
812,NA
813,NA
814,NA
815,NA
816,NA
817,NA
818,NA
819,NA
820,NA
821,NA
822,NA
823,NA
824,NA
825,NA
826,NA
827,NA
828,NA
829,NA
830,NA
831,NA
832,NA
833,NA
834,NA
835,NA
836,NA
837,NA
838,NA
839,NA
840,NA
841,NA
842,NA
843,NA
844,NA
845,NA
846,NA
847,NA
848,NA
849,NA
850,NA
851,NA
852,NA
853,NA
854,NA
855,NA
856,NA
857,NA
858,NA
859,NA
860,NA
861,NA
862,NA
863,NA
864,NA
865,NA
866,NA
867,NA
868,NA
869,NA
870,NA
871,NA
872,NA
873,NA
874,NA
875,NA
876,NA
877,NA
878,NA
879,NA
880,NA
881,NA
882,NA
883,NA
884,NA
885,NA
886,NA
887,NA
888,NA
889,NA
890,NA
891,NA
892,NA
893,NA
894,NA
895,NA
896,NA
897,NA
898,NA
899,NA
900,NA
901,NA
902,NA
903,NA
904,NA
905,NA
906,NA
907,NA
908,NA
909,NA
910,NA
911,NA
912,NA
913,NA
914,NA
915,NA
916,NA
917,NA
918,NA
919,NA
920,NA
921,NA
922,NA
923,NA
924,NA
925,NA
926,NA
927,NA
928,NA
929,NA
930,NA
931,NA
932,NA
933,NA
934,NA
935,NA
936,NA
937,NA
938,NA
939,NA
940,NA
941,NA
942,NA
943,NA
944,NA
945,NA
946,NA
947,NA
948,NA
949,NA
950,NA
951,NA
952,NA
953,NA
954,NA
955,NA
956,NA
957,NA
958,NA
959,NA
960,NA
961,NA
962,NA
963,NA
964,NA
965,NA
966,NA
967,NA
968,NA
969,NA
970,NA
971,NA
972,NA
973,NA
974,NA
975,NA
976,NA
977,NA
978,NA
979,NA
980,NA
981,NA
982,NA
983,NA
984,NA
985,NA
986,NA
987,NA
988,NA
989,NA
990,NA
991,NA
992,NA
993,NA
994,NA
995,NA
996,NA
997,NA
998,NA
999,NA
1000,NA
1001,NA
1002,NA
1003,NA
1004,NA
1005,NA
1006,NA
1007,NA
1008,NA
1009,NA
1010,NA
1011,NA
1012,NA
1013,NA
1014,NA
1015,NA
1016,NA
1017,NA
1018,NA
1019,NA
1020,NA
1021,NA
1022,NA
1023,NA
1024,NA
1025,NA
1026,NA
1027,NA
1028,NA
1029,NA
1030,NA
1031,NA
1032,NA
1033,NA
1034,NA
1035,NA
1036,NA
1037,NA
1038,NA
1039,NA
1040,NA
1041,NA
1042,NA
1043,NA
1044,NA
1045,NA
1046,NA
1047,NA
1048,NA
1049,NA
1050,NA
1051,NA
1052,NA
1053,NA
1054,NA
1055,NA
1056,NA
1057,NA
1058,NA
1059,NA
1060,NA
1061,NA
1062,NA
1063,NA
1064,NA
1065,NA
1066,NA
1067,NA
1068,NA
1069,NA
1070,NA
1071,NA
1072,NA
1073,NA
1074,NA
1075,NA
1076,NA
1077,NA
1078,NA
1079,NA
1080,NA
1081,NA
1082,NA
1083,NA
1084,NA
1085,NA
1086,NA
1087,NA
1088,NA
1089,NA
1090,NA
1091,NA
1092,NA
1093,NA
1094,NA
1095,NA
1096,NA
1097,NA
1098,NA
1099,NA
1100,70
1101,70
1102,70
1103,70
1104,70
1105,70
1106,70
1107,70
1108,70
1109,70
1110,70
1111,70
1112,77
1113,70
1114,70
1115,70
1116,70
1117,70
1118,70
1119,70
1120,70
1121,70
1122,70
1123,70
1124,70
1125,70
1126,70
1127,70
1128,70
1129,70
1130,70
1131,70
1132,70
1133,70
1134,70
1135,70
1136,70
1137,70
1138,70
1139,70
1140,70
1141,70
1142,70
1143,70
1144,70
1145,70
1146,70
1147,70
1148,70
1149,70
1150,70
1151,70
1152,70
1153,70
1154,70
1155,70
1156,70
1157,70
1158,70
1159,70
1160,70
1161,70
1162,70
1163,70
1164,70
1165,70
1166,70
1167,70
1168,70
1169,70
1170,70
1171,70
1172,70
1173,70
1174,70
1175,70
1176,70
1177,70
1178,70
1179,70
1180,70
1181,70
1182,70
1183,70
1184,70
1185,70
1186,70
1187,70
1188,70
1189,70
1190,70
1191,70
1192,70
1193,70
1194,70
1195,70
1196,70
1197,70
1198,70
1199,70
1200,68
1201,68
1202,68
1203,68
1204,68
1205,68
1206,68
1207,68
1208,68
1209,68
1210,68
1211,69
1212,67
1213,73
1214,68
1215,68
1216,68
1217,68
1218,68
1219,67
1220,68
1221,65
1222,67
1223,67
1224,68
1225,68
1226,68
1227,68
1228,68
1229,68
1230,68
1231,68
1232,68
1233,68
1234,68
1235,68
1236,68
1237,68
1238,68
1239,68
1240,68
1241,68
1242,68
1243,68
1244,68
1245,68
1246,68
1247,68
1248,68
1249,68
1250,68
1251,68
1252,68
1253,68
1254,68
1255,68
1256,68
1257,68
1258,68
1259,68
1260,68
1261,68
1262,68
1263,68
1264,68
1265,68
1266,68
1267,68
1268,68
1269,68
1270,68
1271,68
1272,68
1273,68
1274,68
1275,68
1276,68
1277,68
1278,68
1279,68
1280,68
1281,68
1282,68
1283,68
1284,68
1285,68
1286,68
1287,68
1288,68
1289,68
1290,68
1291,68
1292,68
1293,68
1294,68
1295,68
1296,68
1297,68
1298,68
1299,68
1300,60
1301,60
1302,60
1303,60
1304,60
1305,60
1306,60
1307,60
1308,60
1309,60
1310,60
1311,50
1312,60
1313,60
1314,60
1315,60
1316,60
1317,60
1318,60
1319,60
1320,60
1321,56
1322,57
1323,60
1324,60
1325,60
1326,60
1327,60
1328,60
1329,60
1330,71
1331,60
1332,60
1333,60
1334,60
1335,60
1336,60
1337,60
1338,60
1339,60
1340,60
1341,56
1342,65
1343,60
1344,60
1345,71
1346,65
1347,60
1348,60
1349,60
1350,60
1351,60
1352,60
1353,60
1354,60
1355,60
1356,60
1357,60
1358,60
1359,60
1360,60
1361,60
1362,60
1363,60
1364,60
1365,60
1366,60
1367,60
1368,60
1369,60
1370,60
1371,60
1372,60
1373,60
1374,60
1375,60
1376,60
1377,60
1378,60
1379,60
1380,60
1381,60
1382,60
1383,60
1384,60
1385,60
1386,60
1387,60
1388,60
1389,60
1390,60
1391,60
1392,60
1393,60
1394,60
1395,60
1396,60
1397,60
1398,60
1399,60
1400,45
1401,45
1402,45
1403,45
1404,45
1405,45
1406,45
1407,45
1408,45
1409,45
1410,45
1411,47
1412,39
1413,45
1414,45
1415,45
1416,45
1417,45
1418,45
1419,45
1420,47
1421,45
1422,45
1423,45
1424,45
1425,45
1426,45
1427,45
1428,45
1429,45
1430,45
1431,47
1432,45
1433,45
1434,45
1435,45
1436,45
1437,45
1438,45
1439,45
1440,45
1441,45
1442,45
1443,45
1444,45
1445,45
1446,45
1447,45
1448,45
1449,45
1450,45
1451,45
1452,45
1453,45
1454,45
1455,45
1456,45
1457,45
1458,45
1459,45
1460,45
1461,45
1462,45
1463,45
1464,45
1465,45
1466,45
1467,45
1468,45
1469,45
1470,45
1471,45
1472,45
1473,45
1474,45
1475,45
1476,45
1477,45
1478,45
1479,45
1480,45
1481,45
1482,45
1483,45
1484,45
1485,45
1486,45
1487,45
1488,45
1489,45
1490,45
1491,45
1492,45
1493,45
1494,45
1495,45
1496,45
1497,45
1498,45
1499,45
1500,NA
1501,NA
1502,NA
1503,NA
1504,NA
1505,NA
1506,NA
1507,NA
1508,NA
1509,NA
1510,NA
1511,NA
1512,NA
1513,NA
1514,NA
1515,NA
1516,NA
1517,NA
1518,NA
1519,NA
1520,NA
1521,NA
1522,NA
1523,NA
1524,NA
1525,NA
1526,NA
1527,NA
1528,NA
1529,NA
1530,NA
1531,NA
1532,NA
1533,NA
1534,NA
1535,NA
1536,NA
1537,NA
1538,NA
1539,NA
1540,NA
1541,NA
1542,NA
1543,NA
1544,NA
1545,NA
1546,NA
1547,NA
1548,NA
1549,NA
1550,NA
1551,NA
1552,NA
1553,NA
1554,NA
1555,NA
1556,NA
1557,NA
1558,NA
1559,NA
1560,NA
1561,NA
1562,NA
1563,NA
1564,NA
1565,NA
1566,NA
1567,NA
1568,NA
1569,NA
1570,NA
1571,NA
1572,NA
1573,NA
1574,NA
1575,NA
1576,NA
1577,NA
1578,NA
1579,NA
1580,NA
1581,NA
1582,NA
1583,NA
1584,NA
1585,NA
1586,NA
1587,NA
1588,NA
1589,NA
1590,NA
1591,NA
1592,NA
1593,NA
1594,NA
1595,NA
1596,NA
1597,NA
1598,NA
1599,NA
1600,NA
1601,NA
1602,NA
1603,NA
1604,NA
1605,NA
1606,NA
1607,NA
1608,NA
1609,NA
1610,NA
1611,NA
1612,NA
1613,NA
1614,NA
1615,NA
1616,NA
1617,NA
1618,NA
1619,NA
1620,NA
1621,NA
1622,NA
1623,NA
1624,NA
1625,NA
1626,NA
1627,NA
1628,NA
1629,NA
1630,NA
1631,NA
1632,NA
1633,NA
1634,NA
1635,NA
1636,NA
1637,NA
1638,NA
1639,NA
1640,NA
1641,NA
1642,NA
1643,NA
1644,NA
1645,NA
1646,NA
1647,NA
1648,NA
1649,NA
1650,NA
1651,NA
1652,NA
1653,NA
1654,NA
1655,NA
1656,NA
1657,NA
1658,NA
1659,NA
1660,NA
1661,NA
1662,NA
1663,NA
1664,NA
1665,NA
1666,NA
1667,NA
1668,NA
1669,NA
1670,NA
1671,NA
1672,NA
1673,NA
1674,NA
1675,NA
1676,NA
1677,NA
1678,NA
1679,NA
1680,NA
1681,NA
1682,NA
1683,NA
1684,NA
1685,NA
1686,NA
1687,NA
1688,NA
1689,NA
1690,NA
1691,NA
1692,NA
1693,NA
1694,NA
1695,NA
1696,NA
1697,NA
1698,NA
1699,NA
1700,NA
1701,NA
1702,NA
1703,NA
1704,NA
1705,NA
1706,NA
1707,NA
1708,NA
1709,NA
1710,NA
1711,NA
1712,NA
1713,NA
1714,NA
1715,NA
1716,NA
1717,NA
1718,NA
1719,NA
1720,NA
1721,NA
1722,NA
1723,NA
1724,NA
1725,NA
1726,NA
1727,NA
1728,NA
1729,NA
1730,NA
1731,NA
1732,NA
1733,NA
1734,NA
1735,NA
1736,NA
1737,NA
1738,NA
1739,NA
1740,NA
1741,NA
1742,NA
1743,NA
1744,NA
1745,NA
1746,NA
1747,NA
1748,NA
1749,NA
1750,NA
1751,NA
1752,NA
1753,NA
1754,NA
1755,NA
1756,NA
1757,NA
1758,NA
1759,NA
1760,NA
1761,NA
1762,NA
1763,NA
1764,NA
1765,NA
1766,NA
1767,NA
1768,NA
1769,NA
1770,NA
1771,NA
1772,NA
1773,NA
1774,NA
1775,NA
1776,NA
1777,NA
1778,NA
1779,NA
1780,NA
1781,NA
1782,NA
1783,NA
1784,NA
1785,NA
1786,NA
1787,NA
1788,NA
1789,NA
1790,NA
1791,NA
1792,NA
1793,NA
1794,NA
1795,NA
1796,NA
1797,NA
1798,NA
1799,NA
1800,NA
1801,NA
1802,NA
1803,NA
1804,NA
1805,NA
1806,NA
1807,NA
1808,NA
1809,NA
1810,NA
1811,NA
1812,NA
1813,NA
1814,NA
1815,NA
1816,NA
1817,NA
1818,NA
1819,NA
1820,NA
1821,NA
1822,NA
1823,NA
1824,NA
1825,NA
1826,NA
1827,NA
1828,NA
1829,NA
1830,NA
1831,NA
1832,NA
1833,NA
1834,NA
1835,NA
1836,NA
1837,NA
1838,NA
1839,NA
1840,NA
1841,NA
1842,NA
1843,NA
1844,NA
1845,NA
1846,NA
1847,NA
1848,NA
1849,NA
1850,NA
1851,NA
1852,NA
1853,NA
1854,NA
1855,NA
1856,NA
1857,NA
1858,NA
1859,NA
1860,NA
1861,NA
1862,NA
1863,NA
1864,NA
1865,NA
1866,NA
1867,NA
1868,NA
1869,NA
1870,NA
1871,NA
1872,NA
1873,NA
1874,NA
1875,NA
1876,NA
1877,NA
1878,NA
1879,NA
1880,NA
1881,NA
1882,NA
1883,NA
1884,NA
1885,NA
1886,NA
1887,NA
1888,NA
1889,NA
1890,NA
1891,NA
1892,NA
1893,NA
1894,NA
1895,NA
1896,NA
1897,NA
1898,NA
1899,NA
1900,NA
1901,NA
1902,NA
1903,NA
1904,NA
1905,NA
1906,NA
1907,NA
1908,NA
1909,NA
1910,NA
1911,NA
1912,NA
1913,NA
1914,NA
1915,NA
1916,NA
1917,NA
1918,NA
1919,NA
1920,NA
1921,NA
1922,NA
1923,NA
1924,NA
1925,NA
1926,NA
1927,NA
1928,NA
1929,NA
1930,NA
1931,NA
1932,NA
1933,NA
1934,NA
1935,NA
1936,NA
1937,NA
1938,NA
1939,NA
1940,NA
1941,NA
1942,NA
1943,NA
1944,NA
1945,NA
1946,NA
1947,NA
1948,NA
1949,NA
1950,NA
1951,NA
1952,NA
1953,NA
1954,NA
1955,NA
1956,NA
1957,NA
1958,NA
1959,NA
1960,NA
1961,NA
1962,NA
1963,NA
1964,NA
1965,NA
1966,NA
1967,NA
1968,NA
1969,NA
1970,NA
1971,NA
1972,NA
1973,NA
1974,NA
1975,NA
1976,NA
1977,NA
1978,NA
1979,NA
1980,NA
1981,NA
1982,NA
1983,NA
1984,NA
1985,NA
1986,NA
1987,NA
1988,NA
1989,NA
1990,NA
1991,NA
1992,NA
1993,NA
1994,NA
1995,NA
1996,NA
1997,NA
1998,NA
1999,NA
2000,NA
2001,NA
2002,NA
2003,NA
2004,NA
2005,NA
2006,NA
2007,NA
2008,NA
2009,NA
2010,NA
2011,NA
2012,NA
2013,NA
2014,NA
2015,NA
2016,NA
2017,NA
2018,NA
2019,NA
2020,NA
2021,NA
2022,NA
2023,NA
2024,NA
2025,NA
2026,NA
2027,NA
2028,NA
2029,NA
2030,NA
2031,NA
2032,NA
2033,NA
2034,NA
2035,NA
2036,NA
2037,NA
2038,NA
2039,NA
2040,NA
2041,NA
2042,NA
2043,NA
2044,NA
2045,NA
2046,NA
2047,NA
2048,NA
2049,NA
2050,NA
2051,NA
2052,NA
2053,NA
2054,NA
2055,NA
2056,NA
2057,NA
2058,NA
2059,NA
2060,NA
2061,NA
2062,NA
2063,NA
2064,NA
2065,NA
2066,NA
2067,NA
2068,NA
2069,NA
2070,NA
2071,NA
2072,NA
2073,NA
2074,NA
2075,NA
2076,NA
2077,NA
2078,NA
2079,NA
2080,NA
2081,NA
2082,NA
2083,NA
2084,NA
2085,NA
2086,NA
2087,NA
2088,NA
2089,NA
2090,NA
2091,NA
2092,NA
2093,NA
2094,NA
2095,NA
2096,NA
2097,NA
2098,NA
2099,NA
2100,78
2101,78
2102,78
2103,78
2104,78
2105,78
2106,78
2107,78
2108,78
2109,78
2110,78
2111,80
2112,80
2113,78
2114,75
2115,78
2116,78
2117,78
2118,78
2119,78
2120,76
2121,78
2122,78
2123,78
2124,78
2125,78
2126,78
2127,78
2128,78
2129,78
2130,78
2131,76
2132,65
2133,78
2134,78
2135,78
2136,78
2137,78
2138,78
2139,78
2140,78
2141,75
2142,73
2143,76
2144,75
2145,75
2146,75
2147,78
2148,78
2149,75
2150,78
2151,76
2152,76
2153,78
2154,78
2155,78
2156,78
2157,78
2158,78
2159,78
2160,78
2161,76
2162,76
2163,78
2164,75
2165,73
2166,67
2167,78
2168,78
2169,78
2170,78
2171,78
2172,78
2173,78
2174,78
2175,78
2176,78
2177,78
2178,78
2179,78
2180,78
2181,78
2182,78
2183,78
2184,78
2185,78
2186,78
2187,78
2188,78
2189,78
2190,78
2191,78
2192,78
2193,78
2194,78
2195,78
2196,78
2197,78
2198,78
2199,78
2200,75
2201,75
2202,75
2203,75
2204,75
2205,75
2206,75
2207,75
2208,75
2209,75
2210,75
2211,88
2212,88
2213,75
2214,75
2215,75
2216,75
2217,75
2218,75
2219,75
2220,75
2221,60
2222,60
2223,75
2224,75
2225,75
2226,75
2227,75
2228,75
2229,75
2230,60
2231,75
2232,75
2233,75
2234,75
2235,75
2236,75
2237,75
2238,75
2239,75
2240,60
2241,75
2242,75
2243,75
2244,75
2245,75
2246,75
2247,75
2248,75
2249,75
2250,78
2251,75
2252,75
2253,75
2254,75
2255,75
2256,75
2257,75
2258,75
2259,75
2260,75
2261,76
2262,73
2263,65
2264,75
2265,75
2266,75
2267,75
2268,75
2269,75
2270,75
2271,75
2272,75
2273,75
2274,75
2275,75
2276,75
2277,75
2278,75
2279,75
2280,75
2281,75
2282,75
2283,75
2284,75
2285,75
2286,75
2287,75
2288,75
2289,75
2290,75
2291,75
2292,75
2293,75
2294,75
2295,75
2296,75
2297,75
2298,75
2299,75
2300,70
2301,70
2302,70
2303,70
2304,70
2305,70
2306,70
2307,70
2308,70
2309,70
2310,77
2311,70
2312,70
2313,70
2314,70
2315,70
2316,70
2317,70
2318,70
2319,70
2320,71
2321,70
2322,70
2323,70
2324,70
2325,70
2326,70
2327,70
2328,70
2329,70
2330,71
2331,70
2332,70
2333,70
2334,70
2335,70
2336,70
2337,70
2338,70
2339,70
2340,70
2341,67
2342,65
2343,70
2344,70
2345,70
2346,70
2347,70
2348,70
2349,70
2350,70
2351,70
2352,65
2353,60
2354,70
2355,70
2356,70
2357,70
2358,70
2359,65
2360,70
2361,70
2362,70
2363,70
2364,70
2365,70
2366,70
2367,70
2368,70
2369,70
2370,70
2371,70
2372,70
2373,70
2374,70
2375,70
2376,70
2377,70
2378,70
2379,70
2380,70
2381,70
2382,70
2383,70
2384,70
2385,70
2386,70
2387,70
2388,70
2389,70
2390,70
2391,70
2392,70
2393,70
2394,70
2395,70
2396,70
2397,70
2398,70
2399,70
2400,70
2401,70
2402,70
2403,70
2404,70
2405,70
2406,70
2407,70
2408,70
2409,70
2410,70
2411,71
2412,71
2413,71
2414,70
2415,70
2416,70
2417,70
2418,70
2419,70
2420,70
2421,70
2422,70
2423,65
2424,70
2425,70
2426,70
2427,70
2428,70
2429,70
2430,70
2431,65
2432,65
2433,65
2434,70
2435,70
2436,70
2437,70
2438,70
2439,70
2440,70
2441,70
2442,70
2443,70
2444,70
2445,70
2446,70
2447,70
2448,70
2449,70
2450,70
2451,70
2452,70
2453,70
2454,70
2455,70
2456,70
2457,70
2458,70
2459,70
2460,70
2461,70
2462,70
2463,70
2464,70
2465,70
2466,70
2467,70
2468,70
2469,70
2470,70
2471,70
2472,70
2473,70
2474,70
2475,70
2476,70
2477,70
2478,70
2479,70
2480,70
2481,70
2482,70
2483,70
2484,70
2485,70
2486,70
2487,70
2488,70
2489,70
2490,70
2491,70
2492,70
2493,70
2494,70
2495,70
2496,70
2497,70
2498,70
2499,70
2500,71
2501,71
2502,71
2503,71
2504,71
2505,71
2506,71
2507,71
2508,71
2509,71
2510,71
2511,71
2512,71
2513,71
2514,71
2515,71
2516,71
2517,71
2518,71
2519,71
2520,71
2521,65
2522,65
2523,71
2524,71
2525,71
2526,71
2527,71
2528,71
2529,71
2530,71
2531,71
2532,71
2533,71
2534,71
2535,71
2536,71
2537,71
2538,71
2539,71
2540,71
2541,71
2542,71
2543,71
2544,71
2545,71
2546,71
2547,71
2548,71
2549,71
2550,71
2551,71
2552,71
2553,71
2554,71
2555,71
2556,71
2557,71
2558,71
2559,71
2560,71
2561,71
2562,71
2563,71
2564,71
2565,71
2566,71
2567,71
2568,71
2569,71
2570,71
2571,71
2572,71
2573,71
2574,71
2575,71
2576,71
2577,71
2578,71
2579,71
2580,71
2581,71
2582,71
2583,71
2584,71
2585,71
2586,71
2587,71
2588,71
2589,71
2590,71
2591,71
2592,71
2593,71
2594,71
2595,71
2596,71
2597,71
2598,71
2599,71
2600,70
2601,70
2602,70
2603,70
2604,70
2605,70
2606,70
2607,70
2608,70
2609,70
2610,70
2611,85
2612,85
2613,70
2614,70
2615,70
2616,70
2617,70
2618,70
2619,85
2620,70
2621,67
2622,67
2623,70
2624,70
2625,70
2626,70
2627,70
2628,70
2629,70
2630,70
2631,71
2632,71
2633,71
2634,71
2635,65
2636,65
2637,70
2638,70
2639,70
2640,70
2641,65
2642,65
2643,65
2644,70
2645,70
2646,70
2647,70
2648,70
2649,70
2650,70
2651,56
2652,56
2653,56
2654,56
2655,56
2656,56
2657,70
2658,70
2659,56
2660,70
2661,70
2662,70
2663,70
2664,70
2665,70
2666,70
2667,70
2668,70
2669,70
2670,70
2671,70
2672,70
2673,70
2674,70
2675,70
2676,70
2677,70
2678,70
2679,70
2680,70
2681,70
2682,70
2683,70
2684,70
2685,70
2686,70
2687,70
2688,70
2689,70
2690,70
2691,70
2692,70
2693,70
2694,70
2695,70
2696,70
2697,70
2698,70
2699,70
2700,NA
2701,NA
2702,NA
2703,NA
2704,NA
2705,NA
2706,NA
2707,NA
2708,NA
2709,NA
2710,NA
2711,NA
2712,NA
2713,NA
2714,NA
2715,NA
2716,NA
2717,NA
2718,NA
2719,NA
2720,NA
2721,NA
2722,NA
2723,NA
2724,NA
2725,NA
2726,NA
2727,NA
2728,NA
2729,NA
2730,NA
2731,NA
2732,NA
2733,NA
2734,NA
2735,NA
2736,NA
2737,NA
2738,NA
2739,NA
2740,NA
2741,NA
2742,NA
2743,NA
2744,NA
2745,NA
2746,NA
2747,NA
2748,NA
2749,NA
2750,NA
2751,NA
2752,NA
2753,NA
2754,NA
2755,NA
2756,NA
2757,NA
2758,NA
2759,NA
2760,NA
2761,NA
2762,NA
2763,NA
2764,NA
2765,NA
2766,NA
2767,NA
2768,NA
2769,NA
2770,NA
2771,NA
2772,NA
2773,NA
2774,NA
2775,NA
2776,NA
2777,NA
2778,NA
2779,NA
2780,NA
2781,NA
2782,NA
2783,NA
2784,NA
2785,NA
2786,NA
2787,NA
2788,NA
2789,NA
2790,NA
2791,NA
2792,NA
2793,NA
2794,NA
2795,NA
2796,NA
2797,NA
2798,NA
2799,NA
2800,NA
2801,NA
2802,NA
2803,NA
2804,NA
2805,NA
2806,NA
2807,NA
2808,NA
2809,NA
2810,NA
2811,NA
2812,NA
2813,NA
2814,NA
2815,NA
2816,NA
2817,NA
2818,NA
2819,NA
2820,NA
2821,NA
2822,NA
2823,NA
2824,NA
2825,NA
2826,NA
2827,NA
2828,NA
2829,NA
2830,NA
2831,NA
2832,NA
2833,NA
2834,NA
2835,NA
2836,NA
2837,NA
2838,NA
2839,NA
2840,NA
2841,NA
2842,NA
2843,NA
2844,NA
2845,NA
2846,NA
2847,NA
2848,NA
2849,NA
2850,NA
2851,NA
2852,NA
2853,NA
2854,NA
2855,NA
2856,NA
2857,NA
2858,NA
2859,NA
2860,NA
2861,NA
2862,NA
2863,NA
2864,NA
2865,NA
2866,NA
2867,NA
2868,NA
2869,NA
2870,NA
2871,NA
2872,NA
2873,NA
2874,NA
2875,NA
2876,NA
2877,NA
2878,NA
2879,NA
2880,NA
2881,NA
2882,NA
2883,NA
2884,NA
2885,NA
2886,NA
2887,NA
2888,NA
2889,NA
2890,NA
2891,NA
2892,NA
2893,NA
2894,NA
2895,NA
2896,NA
2897,NA
2898,NA
2899,NA
2900,NA
2901,NA
2902,NA
2903,NA
2904,NA
2905,NA
2906,NA
2907,NA
2908,NA
2909,NA
2910,NA
2911,NA
2912,NA
2913,NA
2914,NA
2915,NA
2916,NA
2917,NA
2918,NA
2919,NA
2920,NA
2921,NA
2922,NA
2923,NA
2924,NA
2925,NA
2926,NA
2927,NA
2928,NA
2929,NA
2930,NA
2931,NA
2932,NA
2933,NA
2934,NA
2935,NA
2936,NA
2937,NA
2938,NA
2939,NA
2940,NA
2941,NA
2942,NA
2943,NA
2944,NA
2945,NA
2946,NA
2947,NA
2948,NA
2949,NA
2950,NA
2951,NA
2952,NA
2953,NA
2954,NA
2955,NA
2956,NA
2957,NA
2958,NA
2959,NA
2960,NA
2961,NA
2962,NA
2963,NA
2964,NA
2965,NA
2966,NA
2967,NA
2968,NA
2969,NA
2970,NA
2971,NA
2972,NA
2973,NA
2974,NA
2975,NA
2976,NA
2977,NA
2978,NA
2979,NA
2980,NA
2981,NA
2982,NA
2983,NA
2984,NA
2985,NA
2986,NA
2987,NA
2988,NA
2989,NA
2990,NA
2991,NA
2992,NA
2993,NA
2994,NA
2995,NA
2996,NA
2997,NA
2998,NA
2999,NA
3000,NA
3001,NA
3002,NA
3003,NA
3004,NA
3005,NA
3006,NA
3007,NA
3008,NA
3009,NA
3010,NA
3011,NA
3012,NA
3013,NA
3014,NA
3015,NA
3016,NA
3017,NA
3018,NA
3019,NA
3020,NA
3021,NA
3022,NA
3023,NA
3024,NA
3025,NA
3026,NA
3027,NA
3028,NA
3029,NA
3030,NA
3031,NA
3032,NA
3033,NA
3034,NA
3035,NA
3036,NA
3037,NA
3038,NA
3039,NA
3040,NA
3041,NA
3042,NA
3043,NA
3044,NA
3045,NA
3046,NA
3047,NA
3048,NA
3049,NA
3050,NA
3051,NA
3052,NA
3053,NA
3054,NA
3055,NA
3056,NA
3057,NA
3058,NA
3059,NA
3060,NA
3061,NA
3062,NA
3063,NA
3064,NA
3065,NA
3066,NA
3067,NA
3068,NA
3069,NA
3070,NA
3071,NA
3072,NA
3073,NA
3074,NA
3075,NA
3076,NA
3077,NA
3078,NA
3079,NA
3080,NA
3081,NA
3082,NA
3083,NA
3084,NA
3085,NA
3086,NA
3087,NA
3088,NA
3089,NA
3090,NA
3091,NA
3092,NA
3093,NA
3094,NA
3095,NA
3096,NA
3097,NA
3098,NA
3099,NA
3100,56
3101,56
3102,56
3103,56
3104,56
3105,56
3106,56
3107,56
3108,56
3109,56
3110,56
3111,56
3112,56
3113,56
3114,56
3115,56
3116,56
3117,56
3118,56
3119,56
3120,56
3121,56
3122,56
3123,56
3124,56
3125,56
3126,56
3127,56
3128,56
3129,56
3130,56
3131,56
3132,56
3133,56
3134,56
3135,56
3136,56
3137,56
3138,56
3139,56
3140,56
3141,56
3142,38
3143,38
3144,56
3145,56
3146,56
3147,56
3148,56
3149,56
3150,56
3151,56
3152,56
3153,65
3154,56
3155,56
3156,56
3157,56
3158,56
3159,56
3160,56
3161,56
3162,56
3163,56
3164,56
3165,56
3166,56
3167,56
3168,56
3169,56
3170,56
3171,56
3172,56
3173,56
3174,56
3175,56
3176,56
3177,56
3178,56
3179,56
3180,56
3181,56
3182,56
3183,56
3184,56
3185,56
3186,56
3187,56
3188,56
3189,56
3190,56
3191,56
3192,56
3193,56
3194,56
3195,56
3196,56
3197,56
3198,56
3199,56
3200,50
3201,50
3202,50
3203,50
3204,50
3205,50
3206,50
3207,50
3208,50
3209,50
3210,50
3211,56
3212,56
3213,56
3214,50
3215,50
3216,50
3217,50
3218,50
3219,50
3220,50
3221,43
3222,43
3223,50
3224,50
3225,50
3226,50
3227,50
3228,50
3229,50
3230,43
3231,50
3232,50
3233,50
3234,50
3235,50
3236,50
3237,50
3238,50
3239,50
3240,43
3241,50
3242,50
3243,50
3244,50
3245,50
3246,50
3247,50
3248,50
3249,50
3250,50
3251,43
3252,43
3253,50
3254,43
3255,50
3256,50
3257,43
3258,43
3259,43
3260,50
3261,50
3262,50
3263,50
3264,50
3265,50
3266,50
3267,50
3268,50
3269,50
3270,50
3271,50
3272,50
3273,50
3274,50
3275,50
3276,50
3277,50
3278,50
3279,50
3280,50
3281,50
3282,50
3283,50
3284,50
3285,50
3286,50
3287,50
3288,50
3289,50
3290,50
3291,50
3292,50
3293,50
3294,50
3295,50
3296,50
3297,50
3298,50
3299,50
3300,50
3301,50
3302,50
3303,50
3304,50
3305,50
3306,50
3307,50
3308,50
3309,50
3310,50
3311,56
3312,56
3313,56
3314,56
3315,56
3316,50
3317,50
3318,50
3319,50
3320,50
3321,56
3322,56
3323,47
3324,47
3325,50
3326,50
3327,50
3328,50
3329,50
3330,50
3331,56
3332,56
3333,50
3334,56
3335,50
3336,50
3337,50
3338,50
3339,56
3340,50
3341,47
3342,47
3343,47
3344,47
3345,50
3346,50
3347,50
3348,50
3349,50
3350,50
3351,56
3352,56
3353,50
3354,50
3355,56
3356,50
3357,50
3358,50
3359,56
3360,50
3361,50
3362,50
3363,50
3364,50
3365,50
3366,50
3367,50
3368,50
3369,50
3370,50
3371,50
3372,50
3373,50
3374,50
3375,50
3376,50
3377,50
3378,50
3379,50
3380,50
3381,50
3382,50
3383,50
3384,50
3385,50
3386,50
3387,50
3388,50
3389,50
3390,50
3391,50
3392,50
3393,50
3394,50
3395,50
3396,50
3397,50
3398,50
3399,50
3400,47
3401,47
3402,47
3403,47
3404,47
3405,47
3406,47
3407,47
3408,47
3409,47
3410,47
3411,47
3412,47
3413,47
3414,47
3415,47
3416,47
3417,47
3418,47
3419,47
3420,47
3421,38
3422,47
3423,47
3424,47
3425,47
3426,47
3427,47
3428,47
3429,47
3430,47
3431,47
3432,47
3433,47
3434,47
3435,47
3436,47
3437,47
3438,47
3439,47
3440,47
3441,47
3442,47
3443,47
3444,47
3445,47
3446,47
3447,47
3448,47
3449,47
3450,47
3451,47
3452,47
3453,47
3454,47
3455,47
3456,47
3457,47
3458,47
3459,47
3460,47
3461,47
3462,47
3463,47
3464,47
3465,47
3466,47
3467,47
3468,47
3469,47
3470,47
3471,47
3472,47
3473,47
3474,47
3475,47
3476,47
3477,47
3478,47
3479,47
3480,47
3481,47
3482,47
3483,47
3484,47
3485,47
3486,47
3487,47
3488,47
3489,47
3490,47
3491,47
3492,47
3493,47
3494,47
3495,47
3496,47
3497,47
3498,47
3499,47
3500,47
3501,47
3502,47
3503,47
3504,47
3505,47
3506,47
3507,47
3508,47
3509,47
3510,47
3511,47
3512,47
3513,47
3514,47
3515,47
3516,47
3517,47
3518,47
3519,47
3520,47
3521,47
3522,47
3523,47
3524,47
3525,47
3526,47
3527,47
3528,47
3529,47
3530,47
3531,47
3532,47
3533,47
3534,47
3535,47
3536,47
3537,47
3538,47
3539,47
3540,47
3541,47
3542,47
3543,47
3544,47
3545,47
3546,47
3547,47
3548,47
3549,47
3550,47
3551,47
3552,47
3553,47
3554,47
3555,47
3556,47
3557,47
3558,47
3559,47
3560,47
3561,47
3562,47
3563,47
3564,47
3565,47
3566,47
3567,47
3568,47
3569,47
3570,47
3571,47
3572,47
3573,47
3574,47
3575,47
3576,47
3577,47
3578,47
3579,47
3580,47
3581,47
3582,47
3583,47
3584,47
3585,47
3586,47
3587,47
3588,47
3589,47
3590,47
3591,47
3592,47
3593,47
3594,47
3595,47
3596,47
3597,47
3598,47
3599,47
3600,NA
3601,NA
3602,NA
3603,NA
3604,NA
3605,NA
3606,NA
3607,NA
3608,NA
3609,NA
3610,NA
3611,NA
3612,NA
3613,NA
3614,NA
3615,NA
3616,NA
3617,NA
3618,NA
3619,NA
3620,NA
3621,NA
3622,NA
3623,NA
3624,NA
3625,NA
3626,NA
3627,NA
3628,NA
3629,NA
3630,NA
3631,NA
3632,NA
3633,NA
3634,NA
3635,NA
3636,NA
3637,NA
3638,NA
3639,NA
3640,NA
3641,NA
3642,NA
3643,NA
3644,NA
3645,NA
3646,NA
3647,NA
3648,NA
3649,NA
3650,NA
3651,NA
3652,NA
3653,NA
3654,NA
3655,NA
3656,NA
3657,NA
3658,NA
3659,NA
3660,NA
3661,NA
3662,NA
3663,NA
3664,NA
3665,NA
3666,NA
3667,NA
3668,NA
3669,NA
3670,NA
3671,NA
3672,NA
3673,NA
3674,NA
3675,NA
3676,NA
3677,NA
3678,NA
3679,NA
3680,NA
3681,NA
3682,NA
3683,NA
3684,NA
3685,NA
3686,NA
3687,NA
3688,NA
3689,NA
3690,NA
3691,NA
3692,NA
3693,NA
3694,NA
3695,NA
3696,NA
3697,NA
3698,NA
3699,NA
3700,NA
3701,NA
3702,NA
3703,NA
3704,NA
3705,NA
3706,NA
3707,NA
3708,NA
3709,NA
3710,NA
3711,NA
3712,NA
3713,NA
3714,NA
3715,NA
3716,NA
3717,NA
3718,NA
3719,NA
3720,NA
3721,NA
3722,NA
3723,NA
3724,NA
3725,NA
3726,NA
3727,NA
3728,NA
3729,NA
3730,NA
3731,NA
3732,NA
3733,NA
3734,NA
3735,NA
3736,NA
3737,NA
3738,NA
3739,NA
3740,NA
3741,NA
3742,NA
3743,NA
3744,NA
3745,NA
3746,NA
3747,NA
3748,NA
3749,NA
3750,NA
3751,NA
3752,NA
3753,NA
3754,NA
3755,NA
3756,NA
3757,NA
3758,NA
3759,NA
3760,NA
3761,NA
3762,NA
3763,NA
3764,NA
3765,NA
3766,NA
3767,NA
3768,NA
3769,NA
3770,NA
3771,NA
3772,NA
3773,NA
3774,NA
3775,NA
3776,NA
3777,NA
3778,NA
3779,NA
3780,NA
3781,NA
3782,NA
3783,NA
3784,NA
3785,NA
3786,NA
3787,NA
3788,NA
3789,NA
3790,NA
3791,NA
3792,NA
3793,NA
3794,NA
3795,NA
3796,NA
3797,NA
3798,NA
3799,NA
3800,NA
3801,NA
3802,NA
3803,NA
3804,NA
3805,NA
3806,NA
3807,NA
3808,NA
3809,NA
3810,NA
3811,NA
3812,NA
3813,NA
3814,NA
3815,NA
3816,NA
3817,NA
3818,NA
3819,NA
3820,NA
3821,NA
3822,NA
3823,NA
3824,NA
3825,NA
3826,NA
3827,NA
3828,NA
3829,NA
3830,NA
3831,NA
3832,NA
3833,NA
3834,NA
3835,NA
3836,NA
3837,NA
3838,NA
3839,NA
3840,NA
3841,NA
3842,NA
3843,NA
3844,NA
3845,NA
3846,NA
3847,NA
3848,NA
3849,NA
3850,NA
3851,NA
3852,NA
3853,NA
3854,NA
3855,NA
3856,NA
3857,NA
3858,NA
3859,NA
3860,NA
3861,NA
3862,NA
3863,NA
3864,NA
3865,NA
3866,NA
3867,NA
3868,NA
3869,NA
3870,NA
3871,NA
3872,NA
3873,NA
3874,NA
3875,NA
3876,NA
3877,NA
3878,NA
3879,NA
3880,NA
3881,NA
3882,NA
3883,NA
3884,NA
3885,NA
3886,NA
3887,NA
3888,NA
3889,NA
3890,NA
3891,NA
3892,NA
3893,NA
3894,NA
3895,NA
3896,NA
3897,NA
3898,NA
3899,NA
3900,NA
3901,NA
3902,NA
3903,NA
3904,NA
3905,NA
3906,NA
3907,NA
3908,NA
3909,NA
3910,NA
3911,NA
3912,NA
3913,NA
3914,NA
3915,NA
3916,NA
3917,NA
3918,NA
3919,NA
3920,NA
3921,NA
3922,NA
3923,NA
3924,NA
3925,NA
3926,NA
3927,NA
3928,NA
3929,NA
3930,NA
3931,NA
3932,NA
3933,NA
3934,NA
3935,NA
3936,NA
3937,NA
3938,NA
3939,NA
3940,NA
3941,NA
3942,NA
3943,NA
3944,NA
3945,NA
3946,NA
3947,NA
3948,NA
3949,NA
3950,NA
3951,NA
3952,NA
3953,NA
3954,NA
3955,NA
3956,NA
3957,NA
3958,NA
3959,NA
3960,NA
3961,NA
3962,NA
3963,NA
3964,NA
3965,NA
3966,NA
3967,NA
3968,NA
3969,NA
3970,NA
3971,NA
3972,NA
3973,NA
3974,NA
3975,NA
3976,NA
3977,NA
3978,NA
3979,NA
3980,NA
3981,NA
3982,NA
3983,NA
3984,NA
3985,NA
3986,NA
3987,NA
3988,NA
3989,NA
3990,NA
3991,NA
3992,NA
3993,NA
3994,NA
3995,NA
3996,NA
3997,NA
3998,NA
3999,NA
4000,NA
4001,NA
4002,NA
4003,NA
4004,NA
4005,NA
4006,NA
4007,NA
4008,NA
4009,NA
4010,NA
4011,NA
4012,NA
4013,NA
4014,NA
4015,NA
4016,NA
4017,NA
4018,NA
4019,NA
4020,NA
4021,NA
4022,NA
4023,NA
4024,NA
4025,NA
4026,NA
4027,NA
4028,NA
4029,NA
4030,NA
4031,NA
4032,NA
4033,NA
4034,NA
4035,NA
4036,NA
4037,NA
4038,NA
4039,NA
4040,NA
4041,NA
4042,NA
4043,NA
4044,NA
4045,NA
4046,NA
4047,NA
4048,NA
4049,NA
4050,NA
4051,NA
4052,NA
4053,NA
4054,NA
4055,NA
4056,NA
4057,NA
4058,NA
4059,NA
4060,NA
4061,NA
4062,NA
4063,NA
4064,NA
4065,NA
4066,NA
4067,NA
4068,NA
4069,NA
4070,NA
4071,NA
4072,NA
4073,NA
4074,NA
4075,NA
4076,NA
4077,NA
4078,NA
4079,NA
4080,NA
4081,NA
4082,NA
4083,NA
4084,NA
4085,NA
4086,NA
4087,NA
4088,NA
4089,NA
4090,NA
4091,NA
4092,NA
4093,NA
4094,NA
4095,NA
4096,NA
4097,NA
4098,NA
4099,NA
4100,45
4101,45
4102,45
4103,45
4104,45
4105,45
4106,45
4107,45
4108,45
4109,45
4110,45
4111,45
4112,45
4113,45
4114,45
4115,45
4116,45
4117,45
4118,45
4119,45
4120,45
4121,45
4122,45
4123,45
4124,45
4125,45
4126,45
4127,45
4128,45
4129,45
4130,45
4131,38
4132,38
4133,45
4134,45
4135,45
4136,45
4137,45
4138,45
4139,45
4140,45
4141,45
4142,45
4143,45
4144,45
4145,45
4146,45
4147,45
4148,45
4149,45
4150,45
4151,45
4152,45
4153,45
4154,45
4155,45
4156,45
4157,45
4158,45
4159,45
4160,45
4161,45
4162,45
4163,45
4164,45
4165,45
4166,45
4167,45
4168,45
4169,45
4170,45
4171,45
4172,45
4173,45
4174,45
4175,45
4176,45
4177,45
4178,45
4179,45
4180,45
4181,45
4182,45
4183,45
4184,45
4185,45
4186,45
4187,45
4188,45
4189,45
4190,45
4191,45
4192,45
4193,45
4194,45
4195,45
4196,45
4197,45
4198,45
4199,45
4200,38
4201,38
4202,38
4203,38
4204,38
4205,38
4206,38
4207,38
4208,38
4209,38
4210,38
4211,38
4212,38
4213,38
4214,38
4215,38
4216,38
4217,38
4218,38
4219,38
4220,38
4221,38
4222,38
4223,38
4224,38
4225,38
4226,38
4227,38
4228,38
4229,38
4230,38
4231,38
4232,38
4233,38
4234,38
4235,38
4236,38
4237,38
4238,38
4239,38
4240,38
4241,38
4242,38
4243,38
4244,38
4245,38
4246,38
4247,38
4248,38
4249,38
4250,38
4251,38
4252,38
4253,38
4254,38
4255,38
4256,38
4257,38
4258,38
4259,38
4260,38
4261,38
4262,38
4263,38
4264,38
4265,38
4266,38
4267,38
4268,38
4269,38
4270,38
4271,38
4272,38
4273,38
4274,38
4275,38
4276,38
4277,38
4278,38
4279,38
4280,38
4281,38
4282,38
4283,38
4284,38
4285,38
4286,38
4287,38
4288,38
4289,38
4290,38
4291,38
4292,38
4293,38
4294,38
4295,38
4296,38
4297,38
4298,38
4299,38
4300,45
4301,45
4302,45
4303,45
4304,45
4305,45
4306,45
4307,45
4308,45
4309,45
4310,45
4311,45
4312,45
4313,45
4314,45
4315,45
4316,45
4317,45
4318,45
4319,45
4320,45
4321,38
4322,38
4323,38
4324,45
4325,45
4326,45
4327,45
4328,45
4329,45
4330,45
4331,45
4332,45
4333,45
4334,45
4335,45
4336,45
4337,45
4338,45
4339,45
4340,45
4341,45
4342,45
4343,45
4344,45
4345,45
4346,45
4347,45
4348,45
4349,45
4350,45
4351,45
4352,45
4353,45
4354,45
4355,45
4356,45
4357,45
4358,45
4359,45
4360,45
4361,45
4362,45
4363,45
4364,45
4365,45
4366,45
4367,45
4368,45
4369,45
4370,45
4371,45
4372,45
4373,45
4374,45
4375,45
4376,45
4377,45
4378,45
4379,45
4380,45
4381,45
4382,45
4383,45
4384,45
4385,45
4386,45
4387,45
4388,45
4389,45
4390,45
4391,45
4392,45
4393,45
4394,45
4395,45
4396,45
4397,45
4398,45
4399,45
4400,38
4401,38
4402,38
4403,38
4404,38
4405,38
4406,38
4407,38
4408,38
4409,38
4410,38
4411,38
4412,38
4413,38
4414,38
4415,38
4416,38
4417,38
4418,38
4419,38
4420,38
4421,38
4422,38
4423,38
4424,38
4425,38
4426,38
4427,38
4428,38
4429,38
4430,38
4431,38
4432,38
4433,38
4434,38
4435,38
4436,38
4437,38
4438,38
4439,38
4440,38
4441,38
4442,38
4443,38
4444,38
4445,38
4446,38
4447,38
4448,38
4449,38
4450,38
4451,38
4452,38
4453,38
4454,38
4455,38
4456,38
4457,38
4458,38
4459,38
4460,38
4461,38
4462,38
4463,38
4464,38
4465,38
4466,38
4467,38
4468,38
4469,38
4470,38
4471,38
4472,38
4473,38
4474,38
4475,38
4476,38
4477,38
4478,38
4479,38
4480,38
4481,38
4482,38
4483,38
4484,38
4485,38
4486,38
4487,38
4488,38
4489,38
4490,38
4491,38
4492,38
4493,38
4494,38
4495,38
4496,38
4497,38
4498,38
4499,38
4500,NA
4501,NA
4502,NA
4503,NA
4504,NA
4505,NA
4506,NA
4507,NA
4508,NA
4509,NA
4510,NA
4511,NA
4512,NA
4513,NA
4514,NA
4515,NA
4516,NA
4517,NA
4518,NA
4519,NA
4520,NA
4521,NA
4522,NA
4523,NA
4524,NA
4525,NA
4526,NA
4527,NA
4528,NA
4529,NA
4530,NA
4531,NA
4532,NA
4533,NA
4534,NA
4535,NA
4536,NA
4537,NA
4538,NA
4539,NA
4540,NA
4541,NA
4542,NA
4543,NA
4544,NA
4545,NA
4546,NA
4547,NA
4548,NA
4549,NA
4550,NA
4551,NA
4552,NA
4553,NA
4554,NA
4555,NA
4556,NA
4557,NA
4558,NA
4559,NA
4560,NA
4561,NA
4562,NA
4563,NA
4564,NA
4565,NA
4566,NA
4567,NA
4568,NA
4569,NA
4570,NA
4571,NA
4572,NA
4573,NA
4574,NA
4575,NA
4576,NA
4577,NA
4578,NA
4579,NA
4580,NA
4581,NA
4582,NA
4583,NA
4584,NA
4585,NA
4586,NA
4587,NA
4588,NA
4589,NA
4590,NA
4591,NA
4592,NA
4593,NA
4594,NA
4595,NA
4596,NA
4597,NA
4598,NA
4599,NA
4600,NA
4601,NA
4602,NA
4603,NA
4604,NA
4605,NA
4606,NA
4607,NA
4608,NA
4609,NA
4610,NA
4611,NA
4612,NA
4613,NA
4614,NA
4615,NA
4616,NA
4617,NA
4618,NA
4619,NA
4620,NA
4621,NA
4622,NA
4623,NA
4624,NA
4625,NA
4626,NA
4627,NA
4628,NA
4629,NA
4630,NA
4631,NA
4632,NA
4633,NA
4634,NA
4635,NA
4636,NA
4637,NA
4638,NA
4639,NA
4640,NA
4641,NA
4642,NA
4643,NA
4644,NA
4645,NA
4646,NA
4647,NA
4648,NA
4649,NA
4650,NA
4651,NA
4652,NA
4653,NA
4654,NA
4655,NA
4656,NA
4657,NA
4658,NA
4659,NA
4660,NA
4661,NA
4662,NA
4663,NA
4664,NA
4665,NA
4666,NA
4667,NA
4668,NA
4669,NA
4670,NA
4671,NA
4672,NA
4673,NA
4674,NA
4675,NA
4676,NA
4677,NA
4678,NA
4679,NA
4680,NA
4681,NA
4682,NA
4683,NA
4684,NA
4685,NA
4686,NA
4687,NA
4688,NA
4689,NA
4690,NA
4691,NA
4692,NA
4693,NA
4694,NA
4695,NA
4696,NA
4697,NA
4698,NA
4699,NA
4700,NA
4701,NA
4702,NA
4703,NA
4704,NA
4705,NA
4706,NA
4707,NA
4708,NA
4709,NA
4710,NA
4711,NA
4712,NA
4713,NA
4714,NA
4715,NA
4716,NA
4717,NA
4718,NA
4719,NA
4720,NA
4721,NA
4722,NA
4723,NA
4724,NA
4725,NA
4726,NA
4727,NA
4728,NA
4729,NA
4730,NA
4731,NA
4732,NA
4733,NA
4734,NA
4735,NA
4736,NA
4737,NA
4738,NA
4739,NA
4740,NA
4741,NA
4742,NA
4743,NA
4744,NA
4745,NA
4746,NA
4747,NA
4748,NA
4749,NA
4750,NA
4751,NA
4752,NA
4753,NA
4754,NA
4755,NA
4756,NA
4757,NA
4758,NA
4759,NA
4760,NA
4761,NA
4762,NA
4763,NA
4764,NA
4765,NA
4766,NA
4767,NA
4768,NA
4769,NA
4770,NA
4771,NA
4772,NA
4773,NA
4774,NA
4775,NA
4776,NA
4777,NA
4778,NA
4779,NA
4780,NA
4781,NA
4782,NA
4783,NA
4784,NA
4785,NA
4786,NA
4787,NA
4788,NA
4789,NA
4790,NA
4791,NA
4792,NA
4793,NA
4794,NA
4795,NA
4796,NA
4797,NA
4798,NA
4799,NA
4800,NA
4801,NA
4802,NA
4803,NA
4804,NA
4805,NA
4806,NA
4807,NA
4808,NA
4809,NA
4810,NA
4811,NA
4812,NA
4813,NA
4814,NA
4815,NA
4816,NA
4817,NA
4818,NA
4819,NA
4820,NA
4821,NA
4822,NA
4823,NA
4824,NA
4825,NA
4826,NA
4827,NA
4828,NA
4829,NA
4830,NA
4831,NA
4832,NA
4833,NA
4834,NA
4835,NA
4836,NA
4837,NA
4838,NA
4839,NA
4840,NA
4841,NA
4842,NA
4843,NA
4844,NA
4845,NA
4846,NA
4847,NA
4848,NA
4849,NA
4850,NA
4851,NA
4852,NA
4853,NA
4854,NA
4855,NA
4856,NA
4857,NA
4858,NA
4859,NA
4860,NA
4861,NA
4862,NA
4863,NA
4864,NA
4865,NA
4866,NA
4867,NA
4868,NA
4869,NA
4870,NA
4871,NA
4872,NA
4873,NA
4874,NA
4875,NA
4876,NA
4877,NA
4878,NA
4879,NA
4880,NA
4881,NA
4882,NA
4883,NA
4884,NA
4885,NA
4886,NA
4887,NA
4888,NA
4889,NA
4890,NA
4891,NA
4892,NA
4893,NA
4894,NA
4895,NA
4896,NA
4897,NA
4898,NA
4899,NA
4900,NA
4901,NA
4902,NA
4903,NA
4904,NA
4905,NA
4906,NA
4907,NA
4908,NA
4909,NA
4910,NA
4911,NA
4912,NA
4913,NA
4914,NA
4915,NA
4916,NA
4917,NA
4918,NA
4919,NA
4920,NA
4921,NA
4922,NA
4923,NA
4924,NA
4925,NA
4926,NA
4927,NA
4928,NA
4929,NA
4930,NA
4931,NA
4932,NA
4933,NA
4934,NA
4935,NA
4936,NA
4937,NA
4938,NA
4939,NA
4940,NA
4941,NA
4942,NA
4943,NA
4944,NA
4945,NA
4946,NA
4947,NA
4948,NA
4949,NA
4950,NA
4951,NA
4952,NA
4953,NA
4954,NA
4955,NA
4956,NA
4957,NA
4958,NA
4959,NA
4960,NA
4961,NA
4962,NA
4963,NA
4964,NA
4965,NA
4966,NA
4967,NA
4968,NA
4969,NA
4970,NA
4971,NA
4972,NA
4973,NA
4974,NA
4975,NA
4976,NA
4977,NA
4978,NA
4979,NA
4980,NA
4981,NA
4982,NA
4983,NA
4984,NA
4985,NA
4986,NA
4987,NA
4988,NA
4989,NA
4990,NA
4991,NA
4992,NA
4993,NA
4994,NA
4995,NA
4996,NA
4997,NA
4998,NA
4999,NA
5000,NA
5001,NA
5002,NA
5003,NA
5004,NA
5005,NA
5006,NA
5007,NA
5008,NA
5009,NA
5010,NA
5011,NA
5012,NA
5013,NA
5014,NA
5015,NA
5016,NA
5017,NA
5018,NA
5019,NA
5020,NA
5021,NA
5022,NA
5023,NA
5024,NA
5025,NA
5026,NA
5027,NA
5028,NA
5029,NA
5030,NA
5031,NA
5032,NA
5033,NA
5034,NA
5035,NA
5036,NA
5037,NA
5038,NA
5039,NA
5040,NA
5041,NA
5042,NA
5043,NA
5044,NA
5045,NA
5046,NA
5047,NA
5048,NA
5049,NA
5050,NA
5051,NA
5052,NA
5053,NA
5054,NA
5055,NA
5056,NA
5057,NA
5058,NA
5059,NA
5060,NA
5061,NA
5062,NA
5063,NA
5064,NA
5065,NA
5066,NA
5067,NA
5068,NA
5069,NA
5070,NA
5071,NA
5072,NA
5073,NA
5074,NA
5075,NA
5076,NA
5077,NA
5078,NA
5079,NA
5080,NA
5081,NA
5082,NA
5083,NA
5084,NA
5085,NA
5086,NA
5087,NA
5088,NA
5089,NA
5090,NA
5091,NA
5092,NA
5093,NA
5094,NA
5095,NA
5096,NA
5097,NA
5098,NA
5099,NA
5100,30
5101,30
5102,30
5103,30
5104,30
5105,30
5106,30
5107,30
5108,30
5109,30
5110,30
5111,36
5112,36
5113,36
5114,30
5115,30
5116,30
5117,30
5118,30
5119,30
5120,30
5121,30
5122,30
5123,30
5124,30
5125,30
5126,30
5127,30
5128,30
5129,30
5130,30
5131,30
5132,30
5133,30
5134,30
5135,30
5136,30
5137,30
5138,30
5139,30
5140,30
5141,30
5142,30
5143,30
5144,30
5145,30
5146,30
5147,30
5148,30
5149,30
5150,30
5151,30
5152,30
5153,30
5154,30
5155,30
5156,30
5157,30
5158,30
5159,30
5160,30
5161,30
5162,30
5163,30
5164,30
5165,30
5166,30
5167,30
5168,30
5169,30
5170,30
5171,30
5172,30
5173,30
5174,30
5175,30
5176,30
5177,30
5178,30
5179,30
5180,30
5181,30
5182,30
5183,30
5184,30
5185,30
5186,30
5187,30
5188,30
5189,30
5190,30
5191,30
5192,30
5193,30
5194,30
5195,30
5196,30
5197,30
5198,30
5199,30
5200,30
5201,30
5202,30
5203,30
5204,30
5205,30
5206,30
5207,30
5208,30
5209,30
5210,30
5211,30
5212,30
5213,30
5214,30
5215,30
5216,30
5217,30
5218,30
5219,30
5220,30
5221,30
5222,36
5223,30
5224,30
5225,30
5226,30
5227,30
5228,30
5229,30
5230,30
5231,30
5232,30
5233,30
5234,30
5235,30
5236,30
5237,30
5238,30
5239,30
5240,30
5241,30
5242,30
5243,30
5244,30
5245,30
5246,30
5247,30
5248,30
5249,30
5250,30
5251,30
5252,30
5253,30
5254,30
5255,30
5256,30
5257,30
5258,30
5259,30
5260,30
5261,30
5262,30
5263,30
5264,30
5265,30
5266,30
5267,30
5268,30
5269,30
5270,30
5271,30
5272,30
5273,30
5274,30
5275,30
5276,30
5277,30
5278,30
5279,30
5280,30
5281,30
5282,30
5283,30
5284,30
5285,30
5286,30
5287,30
5288,30
5289,30
5290,30
5291,30
5292,30
5293,30
5294,30
5295,30
5296,30
5297,30
5298,30
5299,30
5300,28
5301,28
5302,28
5303,28
5304,28
5305,28
5306,28
5307,28
5308,28
5309,28
5310,28
5311,30
5312,30
5313,28
5314,28
5315,28
5316,28
5317,28
5318,28
5319,28
5320,28
5321,25
5322,25
5323,28
5324,28
5325,28
5326,28
5327,28
5328,28
5329,25
5330,28
5331,28
5332,28
5333,28
5334,28
5335,28
5336,28
5337,28
5338,28
5339,28
5340,28
5341,28
5342,28
5343,28
5344,28
5345,28
5346,28
5347,28
5348,28
5349,28
5350,28
5351,28
5352,28
5353,28
5354,28
5355,28
5356,28
5357,28
5358,28
5359,28
5360,28
5361,28
5362,28
5363,28
5364,28
5365,28
5366,28
5367,28
5368,28
5369,28
5370,28
5371,28
5372,28
5373,28
5374,28
5375,28
5376,28
5377,28
5378,28
5379,28
5380,28
5381,28
5382,28
5383,28
5384,28
5385,28
5386,28
5387,28
5388,28
5389,28
5390,28
5391,28
5392,28
5393,28
5394,28
5395,28
5396,28
5397,28
5398,28
5399,28
5400,38
5401,38
5402,38
5403,38
5404,38
5405,38
5406,38
5407,38
5408,38
5409,38
5410,38
5411,35
5412,50
5413,35
5414,35
5415,38
5416,38
5417,38
5418,38
5419,35
5420,38
5421,38
5422,38
5423,38
5424,38
5425,38
5426,38
5427,38
5428,38
5429,38
5430,38
5431,38
5432,38
5433,38
5434,38
5435,38
5436,38
5437,38
5438,38
5439,38
5440,38
5441,38
5442,38
5443,38
5444,38
5445,38
5446,38
5447,38
5448,38
5449,38
5450,38
5451,38
5452,38
5453,38
5454,38
5455,38
5456,38
5457,38
5458,38
5459,38
5460,38
5461,38
5462,38
5463,38
5464,38
5465,38
5466,38
5467,38
5468,38
5469,38
5470,38
5471,38
5472,38
5473,38
5474,38
5475,38
5476,38
5477,38
5478,38
5479,38
5480,38
5481,38
5482,38
5483,38
5484,38
5485,38
5486,38
5487,38
5488,38
5489,38
5490,38
5491,38
5492,38
5493,38
5494,38
5495,38
5496,38
5497,38
5498,38
5499,38
5500,NA
5501,NA
5502,NA
5503,NA
5504,NA
5505,NA
5506,NA
5507,NA
5508,NA
5509,NA
5510,NA
5511,NA
5512,NA
5513,NA
5514,NA
5515,NA
5516,NA
5517,NA
5518,NA
5519,NA
5520,NA
5521,NA
5522,NA
5523,NA
5524,NA
5525,NA
5526,NA
5527,NA
5528,NA
5529,NA
5530,NA
5531,NA
5532,NA
5533,NA
5534,NA
5535,NA
5536,NA
5537,NA
5538,NA
5539,NA
5540,NA
5541,NA
5542,NA
5543,NA
5544,NA
5545,NA
5546,NA
5547,NA
5548,NA
5549,NA
5550,NA
5551,NA
5552,NA
5553,NA
5554,NA
5555,NA
5556,NA
5557,NA
5558,NA
5559,NA
5560,NA
5561,NA
5562,NA
5563,NA
5564,NA
5565,NA
5566,NA
5567,NA
5568,NA
5569,NA
5570,NA
5571,NA
5572,NA
5573,NA
5574,NA
5575,NA
5576,NA
5577,NA
5578,NA
5579,NA
5580,NA
5581,NA
5582,NA
5583,NA
5584,NA
5585,NA
5586,NA
5587,NA
5588,NA
5589,NA
5590,NA
5591,NA
5592,NA
5593,NA
5594,NA
5595,NA
5596,NA
5597,NA
5598,NA
5599,NA
5600,NA
5601,NA
5602,NA
5603,NA
5604,NA
5605,NA
5606,NA
5607,NA
5608,NA
5609,NA
5610,NA
5611,NA
5612,NA
5613,NA
5614,NA
5615,NA
5616,NA
5617,NA
5618,NA
5619,NA
5620,NA
5621,NA
5622,NA
5623,NA
5624,NA
5625,NA
5626,NA
5627,NA
5628,NA
5629,NA
5630,NA
5631,NA
5632,NA
5633,NA
5634,NA
5635,NA
5636,NA
5637,NA
5638,NA
5639,NA
5640,NA
5641,NA
5642,NA
5643,NA
5644,NA
5645,NA
5646,NA
5647,NA
5648,NA
5649,NA
5650,NA
5651,NA
5652,NA
5653,NA
5654,NA
5655,NA
5656,NA
5657,NA
5658,NA
5659,NA
5660,NA
5661,NA
5662,NA
5663,NA
5664,NA
5665,NA
5666,NA
5667,NA
5668,NA
5669,NA
5670,NA
5671,NA
5672,NA
5673,NA
5674,NA
5675,NA
5676,NA
5677,NA
5678,NA
5679,NA
5680,NA
5681,NA
5682,NA
5683,NA
5684,NA
5685,NA
5686,NA
5687,NA
5688,NA
5689,NA
5690,NA
5691,NA
5692,NA
5693,NA
5694,NA
5695,NA
5696,NA
5697,NA
5698,NA
5699,NA
5700,NA
5701,NA
5702,NA
5703,NA
5704,NA
5705,NA
5706,NA
5707,NA
5708,NA
5709,NA
5710,NA
5711,NA
5712,NA
5713,NA
5714,NA
5715,NA
5716,NA
5717,NA
5718,NA
5719,NA
5720,NA
5721,NA
5722,NA
5723,NA
5724,NA
5725,NA
5726,NA
5727,NA
5728,NA
5729,NA
5730,NA
5731,NA
5732,NA
5733,NA
5734,NA
5735,NA
5736,NA
5737,NA
5738,NA
5739,NA
5740,NA
5741,NA
5742,NA
5743,NA
5744,NA
5745,NA
5746,NA
5747,NA
5748,NA
5749,NA
5750,NA
5751,NA
5752,NA
5753,NA
5754,NA
5755,NA
5756,NA
5757,NA
5758,NA
5759,NA
5760,NA
5761,NA
5762,NA
5763,NA
5764,NA
5765,NA
5766,NA
5767,NA
5768,NA
5769,NA
5770,NA
5771,NA
5772,NA
5773,NA
5774,NA
5775,NA
5776,NA
5777,NA
5778,NA
5779,NA
5780,NA
5781,NA
5782,NA
5783,NA
5784,NA
5785,NA
5786,NA
5787,NA
5788,NA
5789,NA
5790,NA
5791,NA
5792,NA
5793,NA
5794,NA
5795,NA
5796,NA
5797,NA
5798,NA
5799,NA
5800,NA
5801,NA
5802,NA
5803,NA
5804,NA
5805,NA
5806,NA
5807,NA
5808,NA
5809,NA
5810,NA
5811,NA
5812,NA
5813,NA
5814,NA
5815,NA
5816,NA
5817,NA
5818,NA
5819,NA
5820,NA
5821,NA
5822,NA
5823,NA
5824,NA
5825,NA
5826,NA
5827,NA
5828,NA
5829,NA
5830,NA
5831,NA
5832,NA
5833,NA
5834,NA
5835,NA
5836,NA
5837,NA
5838,NA
5839,NA
5840,NA
5841,NA
5842,NA
5843,NA
5844,NA
5845,NA
5846,NA
5847,NA
5848,NA
5849,NA
5850,NA
5851,NA
5852,NA
5853,NA
5854,NA
5855,NA
5856,NA
5857,NA
5858,NA
5859,NA
5860,NA
5861,NA
5862,NA
5863,NA
5864,NA
5865,NA
5866,NA
5867,NA
5868,NA
5869,NA
5870,NA
5871,NA
5872,NA
5873,NA
5874,NA
5875,NA
5876,NA
5877,NA
5878,NA
5879,NA
5880,NA
5881,NA
5882,NA
5883,NA
5884,NA
5885,NA
5886,NA
5887,NA
5888,NA
5889,NA
5890,NA
5891,NA
5892,NA
5893,NA
5894,NA
5895,NA
5896,NA
5897,NA
5898,NA
5899,NA
5900,NA
5901,NA
5902,NA
5903,NA
5904,NA
5905,NA
5906,NA
5907,NA
5908,NA
5909,NA
5910,NA
5911,NA
5912,NA
5913,NA
5914,NA
5915,NA
5916,NA
5917,NA
5918,NA
5919,NA
5920,NA
5921,NA
5922,NA
5923,NA
5924,NA
5925,NA
5926,NA
5927,NA
5928,NA
5929,NA
5930,NA
5931,NA
5932,NA
5933,NA
5934,NA
5935,NA
5936,NA
5937,NA
5938,NA
5939,NA
5940,NA
5941,NA
5942,NA
5943,NA
5944,NA
5945,NA
5946,NA
5947,NA
5948,NA
5949,NA
5950,NA
5951,NA
5952,NA
5953,NA
5954,NA
5955,NA
5956,NA
5957,NA
5958,NA
5959,NA
5960,NA
5961,NA
5962,NA
5963,NA
5964,NA
5965,NA
5966,NA
5967,NA
5968,NA
5969,NA
5970,NA
5971,NA
5972,NA
5973,NA
5974,NA
5975,NA
5976,NA
5977,NA
5978,NA
5979,NA
5980,NA
5981,NA
5982,NA
5983,NA
5984,NA
5985,NA
5986,NA
5987,NA
5988,NA
5989,NA
5990,NA
5991,NA
5992,NA
5993,NA
5994,NA
5995,NA
5996,NA
5997,NA
5998,NA
5999,NA
6000,NA
6001,NA
6002,NA
6003,NA
6004,NA
6005,NA
6006,NA
6007,NA
6008,NA
6009,NA
6010,NA
6011,NA
6012,NA
6013,NA
6014,NA
6015,NA
6016,NA
6017,NA
6018,NA
6019,NA
6020,NA
6021,NA
6022,NA
6023,NA
6024,NA
6025,NA
6026,NA
6027,NA
6028,NA
6029,NA
6030,NA
6031,NA
6032,NA
6033,NA
6034,NA
6035,NA
6036,NA
6037,NA
6038,NA
6039,NA
6040,NA
6041,NA
6042,NA
6043,NA
6044,NA
6045,NA
6046,NA
6047,NA
6048,NA
6049,NA
6050,NA
6051,NA
6052,NA
6053,NA
6054,NA
6055,NA
6056,NA
6057,NA
6058,NA
6059,NA
6060,NA
6061,NA
6062,NA
6063,NA
6064,NA
6065,NA
6066,NA
6067,NA
6068,NA
6069,NA
6070,NA
6071,NA
6072,NA
6073,NA
6074,NA
6075,NA
6076,NA
6077,NA
6078,NA
6079,NA
6080,NA
6081,NA
6082,NA
6083,NA
6084,NA
6085,NA
6086,NA
6087,NA
6088,NA
6089,NA
6090,NA
6091,NA
6092,NA
6093,NA
6094,NA
6095,NA
6096,NA
6097,NA
6098,NA
6099,NA
6100,NA
6101,NA
6102,NA
6103,NA
6104,NA
6105,NA
6106,NA
6107,NA
6108,NA
6109,NA
6110,NA
6111,NA
6112,NA
6113,NA
6114,NA
6115,NA
6116,NA
6117,NA
6118,NA
6119,NA
6120,NA
6121,NA
6122,NA
6123,NA
6124,NA
6125,NA
6126,NA
6127,NA
6128,NA
6129,NA
6130,NA
6131,NA
6132,NA
6133,NA
6134,NA
6135,NA
6136,NA
6137,NA
6138,NA
6139,NA
6140,NA
6141,NA
6142,NA
6143,NA
6144,NA
6145,NA
6146,NA
6147,NA
6148,NA
6149,NA
6150,NA
6151,NA
6152,NA
6153,NA
6154,NA
6155,NA
6156,NA
6157,NA
6158,NA
6159,NA
6160,NA
6161,NA
6162,NA
6163,NA
6164,NA
6165,NA
6166,NA
6167,NA
6168,NA
6169,NA
6170,NA
6171,NA
6172,NA
6173,NA
6174,NA
6175,NA
6176,NA
6177,NA
6178,NA
6179,NA
6180,NA
6181,NA
6182,NA
6183,NA
6184,NA
6185,NA
6186,NA
6187,NA
6188,NA
6189,NA
6190,NA
6191,NA
6192,NA
6193,NA
6194,NA
6195,NA
6196,NA
6197,NA
6198,NA
6199,NA
6200,NA
6201,NA
6202,NA
6203,NA
6204,NA
6205,NA
6206,NA
6207,NA
6208,NA
6209,NA
6210,NA
6211,NA
6212,NA
6213,NA
6214,NA
6215,NA
6216,NA
6217,NA
6218,NA
6219,NA
6220,NA
6221,NA
6222,NA
6223,NA
6224,NA
6225,NA
6226,NA
6227,NA
6228,NA
6229,NA
6230,NA
6231,NA
6232,NA
6233,NA
6234,NA
6235,NA
6236,NA
6237,NA
6238,NA
6239,NA
6240,NA
6241,NA
6242,NA
6243,NA
6244,NA
6245,NA
6246,NA
6247,NA
6248,NA
6249,NA
6250,NA
6251,NA
6252,NA
6253,NA
6254,NA
6255,NA
6256,NA
6257,NA
6258,NA
6259,NA
6260,NA
6261,NA
6262,NA
6263,NA
6264,NA
6265,NA
6266,NA
6267,NA
6268,NA
6269,NA
6270,NA
6271,NA
6272,NA
6273,NA
6274,NA
6275,NA
6276,NA
6277,NA
6278,NA
6279,NA
6280,NA
6281,NA
6282,NA
6283,NA
6284,NA
6285,NA
6286,NA
6287,NA
6288,NA
6289,NA
6290,NA
6291,NA
6292,NA
6293,NA
6294,NA
6295,NA
6296,NA
6297,NA
6298,NA
6299,NA
6300,NA
6301,NA
6302,NA
6303,NA
6304,NA
6305,NA
6306,NA
6307,NA
6308,NA
6309,NA
6310,NA
6311,NA
6312,NA
6313,NA
6314,NA
6315,NA
6316,NA
6317,NA
6318,NA
6319,NA
6320,NA
6321,NA
6322,NA
6323,NA
6324,NA
6325,NA
6326,NA
6327,NA
6328,NA
6329,NA
6330,NA
6331,NA
6332,NA
6333,NA
6334,NA
6335,NA
6336,NA
6337,NA
6338,NA
6339,NA
6340,NA
6341,NA
6342,NA
6343,NA
6344,NA
6345,NA
6346,NA
6347,NA
6348,NA
6349,NA
6350,NA
6351,NA
6352,NA
6353,NA
6354,NA
6355,NA
6356,NA
6357,NA
6358,NA
6359,NA
6360,NA
6361,NA
6362,NA
6363,NA
6364,NA
6365,NA
6366,NA
6367,NA
6368,NA
6369,NA
6370,NA
6371,NA
6372,NA
6373,NA
6374,NA
6375,NA
6376,NA
6377,NA
6378,NA
6379,NA
6380,NA
6381,NA
6382,NA
6383,NA
6384,NA
6385,NA
6386,NA
6387,NA
6388,NA
6389,NA
6390,NA
6391,NA
6392,NA
6393,NA
6394,NA
6395,NA
6396,NA
6397,NA
6398,NA
6399,NA
6400,NA
6401,NA
6402,NA
6403,NA
6404,NA
6405,NA
6406,NA
6407,NA
6408,NA
6409,NA
6410,NA
6411,NA
6412,NA
6413,NA
6414,NA
6415,NA
6416,NA
6417,NA
6418,NA
6419,NA
6420,NA
6421,NA
6422,NA
6423,NA
6424,NA
6425,NA
6426,NA
6427,NA
6428,NA
6429,NA
6430,NA
6431,NA
6432,NA
6433,NA
6434,NA
6435,NA
6436,NA
6437,NA
6438,NA
6439,NA
6440,NA
6441,NA
6442,NA
6443,NA
6444,NA
6445,NA
6446,NA
6447,NA
6448,NA
6449,NA
6450,NA
6451,NA
6452,NA
6453,NA
6454,NA
6455,NA
6456,NA
6457,NA
6458,NA
6459,NA
6460,NA
6461,NA
6462,NA
6463,NA
6464,NA
6465,NA
6466,NA
6467,NA
6468,NA
6469,NA
6470,NA
6471,NA
6472,NA
6473,NA
6474,NA
6475,NA
6476,NA
6477,NA
6478,NA
6479,NA
6480,NA
6481,NA
6482,NA
6483,NA
6484,NA
6485,NA
6486,NA
6487,NA
6488,NA
6489,NA
6490,NA
6491,NA
6492,NA
6493,NA
6494,NA
6495,NA
6496,NA
6497,NA
6498,NA
6499,NA
6500,NA
6501,NA
6502,NA
6503,NA
6504,NA
6505,NA
6506,NA
6507,NA
6508,NA
6509,NA
6510,NA
6511,NA
6512,NA
6513,NA
6514,NA
6515,NA
6516,NA
6517,NA
6518,NA
6519,NA
6520,NA
6521,NA
6522,NA
6523,NA
6524,NA
6525,NA
6526,NA
6527,NA
6528,NA
6529,NA
6530,NA
6531,NA
6532,NA
6533,NA
6534,NA
6535,NA
6536,NA
6537,NA
6538,NA
6539,NA
6540,NA
6541,NA
6542,NA
6543,NA
6544,NA
6545,NA
6546,NA
6547,NA
6548,NA
6549,NA
6550,NA
6551,NA
6552,NA
6553,NA
6554,NA
6555,NA
6556,NA
6557,NA
6558,NA
6559,NA
6560,NA
6561,NA
6562,NA
6563,NA
6564,NA
6565,NA
6566,NA
6567,NA
6568,NA
6569,NA
6570,NA
6571,NA
6572,NA
6573,NA
6574,NA
6575,NA
6576,NA
6577,NA
6578,NA
6579,NA
6580,NA
6581,NA
6582,NA
6583,NA
6584,NA
6585,NA
6586,NA
6587,NA
6588,NA
6589,NA
6590,NA
6591,NA
6592,NA
6593,NA
6594,NA
6595,NA
6596,NA
6597,NA
6598,NA
6599,NA
6600,NA
6601,NA
6602,NA
6603,NA
6604,NA
6605,NA
6606,NA
6607,NA
6608,NA
6609,NA
6610,NA
6611,NA
6612,NA
6613,NA
6614,NA
6615,NA
6616,NA
6617,NA
6618,NA
6619,NA
6620,NA
6621,NA
6622,NA
6623,NA
6624,NA
6625,NA
6626,NA
6627,NA
6628,NA
6629,NA
6630,NA
6631,NA
6632,NA
6633,NA
6634,NA
6635,NA
6636,NA
6637,NA
6638,NA
6639,NA
6640,NA
6641,NA
6642,NA
6643,NA
6644,NA
6645,NA
6646,NA
6647,NA
6648,NA
6649,NA
6650,NA
6651,NA
6652,NA
6653,NA
6654,NA
6655,NA
6656,NA
6657,NA
6658,NA
6659,NA
6660,NA
6661,NA
6662,NA
6663,NA
6664,NA
6665,NA
6666,NA
6667,NA
6668,NA
6669,NA
6670,NA
6671,NA
6672,NA
6673,NA
6674,NA
6675,NA
6676,NA
6677,NA
6678,NA
6679,NA
6680,NA
6681,NA
6682,NA
6683,NA
6684,NA
6685,NA
6686,NA
6687,NA
6688,NA
6689,NA
6690,NA
6691,NA
6692,NA
6693,NA
6694,NA
6695,NA
6696,NA
6697,NA
6698,NA
6699,NA
6700,NA
6701,NA
6702,NA
6703,NA
6704,NA
6705,NA
6706,NA
6707,NA
6708,NA
6709,NA
6710,NA
6711,NA
6712,NA
6713,NA
6714,NA
6715,NA
6716,NA
6717,NA
6718,NA
6719,NA
6720,NA
6721,NA
6722,NA
6723,NA
6724,NA
6725,NA
6726,NA
6727,NA
6728,NA
6729,NA
6730,NA
6731,NA
6732,NA
6733,NA
6734,NA
6735,NA
6736,NA
6737,NA
6738,NA
6739,NA
6740,NA
6741,NA
6742,NA
6743,NA
6744,NA
6745,NA
6746,NA
6747,NA
6748,NA
6749,NA
6750,NA
6751,NA
6752,NA
6753,NA
6754,NA
6755,NA
6756,NA
6757,NA
6758,NA
6759,NA
6760,NA
6761,NA
6762,NA
6763,NA
6764,NA
6765,NA
6766,NA
6767,NA
6768,NA
6769,NA
6770,NA
6771,NA
6772,NA
6773,NA
6774,NA
6775,NA
6776,NA
6777,NA
6778,NA
6779,NA
6780,NA
6781,NA
6782,NA
6783,NA
6784,NA
6785,NA
6786,NA
6787,NA
6788,NA
6789,NA
6790,NA
6791,NA
6792,NA
6793,NA
6794,NA
6795,NA
6796,NA
6797,NA
6798,NA
6799,NA
6800,NA
6801,NA
6802,NA
6803,NA
6804,NA
6805,NA
6806,NA
6807,NA
6808,NA
6809,NA
6810,NA
6811,NA
6812,NA
6813,NA
6814,NA
6815,NA
6816,NA
6817,NA
6818,NA
6819,NA
6820,NA
6821,NA
6822,NA
6823,NA
6824,NA
6825,NA
6826,NA
6827,NA
6828,NA
6829,NA
6830,NA
6831,NA
6832,NA
6833,NA
6834,NA
6835,NA
6836,NA
6837,NA
6838,NA
6839,NA
6840,NA
6841,NA
6842,NA
6843,NA
6844,NA
6845,NA
6846,NA
6847,NA
6848,NA
6849,NA
6850,NA
6851,NA
6852,NA
6853,NA
6854,NA
6855,NA
6856,NA
6857,NA
6858,NA
6859,NA
6860,NA
6861,NA
6862,NA
6863,NA
6864,NA
6865,NA
6866,NA
6867,NA
6868,NA
6869,NA
6870,NA
6871,NA
6872,NA
6873,NA
6874,NA
6875,NA
6876,NA
6877,NA
6878,NA
6879,NA
6880,NA
6881,NA
6882,NA
6883,NA
6884,NA
6885,NA
6886,NA
6887,NA
6888,NA
6889,NA
6890,NA
6891,NA
6892,NA
6893,NA
6894,NA
6895,NA
6896,NA
6897,NA
6898,NA
6899,NA
6900,NA
6901,NA
6902,NA
6903,NA
6904,NA
6905,NA
6906,NA
6907,NA
6908,NA
6909,NA
6910,NA
6911,NA
6912,NA
6913,NA
6914,NA
6915,NA
6916,NA
6917,NA
6918,NA
6919,NA
6920,NA
6921,NA
6922,NA
6923,NA
6924,NA
6925,NA
6926,NA
6927,NA
6928,NA
6929,NA
6930,NA
6931,NA
6932,NA
6933,NA
6934,NA
6935,NA
6936,NA
6937,NA
6938,NA
6939,NA
6940,NA
6941,NA
6942,NA
6943,NA
6944,NA
6945,NA
6946,NA
6947,NA
6948,NA
6949,NA
6950,NA
6951,NA
6952,NA
6953,NA
6954,NA
6955,NA
6956,NA
6957,NA
6958,NA
6959,NA
6960,NA
6961,NA
6962,NA
6963,NA
6964,NA
6965,NA
6966,NA
6967,NA
6968,NA
6969,NA
6970,NA
6971,NA
6972,NA
6973,NA
6974,NA
6975,NA
6976,NA
6977,NA
6978,NA
6979,NA
6980,NA
6981,NA
6982,NA
6983,NA
6984,NA
6985,NA
6986,NA
6987,NA
6988,NA
6989,NA
6990,NA
6991,NA
6992,NA
6993,NA
6994,NA
6995,NA
6996,NA
6997,NA
6998,NA
6999,NA
7000,30
7001,30
7002,30
7003,30
7004,30
7005,30
7006,30
7007,30
7008,30
7009,30
7010,30
7011,30
7012,30
7013,30
7014,30
7015,30
7016,30
7017,30
7018,30
7019,30
7020,30
7021,30
7022,30
7023,30
7024,30
7025,30
7026,30
7027,30
7028,30
7029,30
7030,30
7031,30
7032,30
7033,30
7034,30
7035,30
7036,30
7037,30
7038,30
7039,30
7040,30
7041,30
7042,30
7043,30
7044,30
7045,30
7046,30
7047,30
7048,30
7049,30
7050,30
7051,30
7052,30
7053,30
7054,30
7055,30
7056,30
7057,30
7058,30
7059,30
7060,30
7061,30
7062,30
7063,30
7064,30
7065,30
7066,30
7067,30
7068,30
7069,30
7070,30
7071,30
7072,30
7073,30
7074,30
7075,30
7076,30
7077,30
7078,30
7079,30
7080,30
7081,30
7082,30
7083,30
7084,30
7085,30
7086,30
7087,30
7088,30
7089,30
7090,30
7091,30
7092,30
7093,30
7094,30
7095,30
7096,30
7097,30
7098,30
7099,30
7100,30
7101,30
7102,30
7103,30
7104,30
7105,30
7106,30
7107,30
7108,30
7109,30
7110,30
7111,30
7112,30
7113,30
7114,30
7115,30
7116,30
7117,30
7118,30
7119,30
7120,30
7121,30
7122,30
7123,30
7124,30
7125,30
7126,30
7127,30
7128,30
7129,30
7130,30
7131,30
7132,30
7133,30
7134,30
7135,30
7136,30
7137,30
7138,30
7139,30
7140,30
7141,30
7142,30
7143,30
7144,30
7145,30
7146,30
7147,30
7148,30
7149,30
7150,30
7151,30
7152,30
7153,30
7154,30
7155,30
7156,30
7157,30
7158,30
7159,30
7160,30
7161,30
7162,30
7163,30
7164,30
7165,30
7166,30
7167,30
7168,30
7169,30
7170,30
7171,30
7172,30
7173,30
7174,30
7175,30
7176,30
7177,30
7178,30
7179,30
7180,30
7181,30
7182,30
7183,30
7184,30
7185,30
7186,30
7187,30
7188,30
7189,30
7190,30
7191,30
7192,30
7193,30
7194,30
7195,30
7196,30
7197,30
7198,30
7199,30
7200,30
7201,30
7202,30
7203,30
7204,30
7205,30
7206,30
7207,30
7208,30
7209,30
7210,30
7211,30
7212,30
7213,30
7214,30
7215,30
7216,30
7217,30
7218,30
7219,30
7220,30
7221,30
7222,30
7223,30
7224,30
7225,30
7226,30
7227,30
7228,30
7229,30
7230,30
7231,30
7232,30
7233,30
7234,30
7235,30
7236,30
7237,30
7238,30
7239,30
7240,30
7241,30
7242,30
7243,30
7244,30
7245,30
7246,30
7247,30
7248,30
7249,30
7250,30
7251,30
7252,30
7253,30
7254,30
7255,30
7256,30
7257,30
7258,30
7259,30
7260,30
7261,30
7262,30
7263,30
7264,30
7265,30
7266,30
7267,30
7268,30
7269,30
7270,30
7271,30
7272,30
7273,30
7274,30
7275,30
7276,30
7277,30
7278,30
7279,30
7280,30
7281,30
7282,30
7283,30
7284,30
7285,30
7286,30
7287,30
7288,30
7289,30
7290,30
7291,30
7292,30
7293,30
7294,30
7295,30
7296,30
7297,30
7298,30
7299,30
7300,30
7301,30
7302,30
7303,30
7304,30
7305,30
7306,30
7307,30
7308,30
7309,30
7310,30
7311,30
7312,30
7313,30
7314,30
7315,30
7316,30
7317,30
7318,30
7319,30
7320,30
7321,30
7322,30
7323,30
7324,30
7325,30
7326,30
7327,30
7328,30
7329,30
7330,30
7331,30
7332,30
7333,30
7334,30
7335,30
7336,30
7337,30
7338,30
7339,30
7340,30
7341,30
7342,30
7343,30
7344,30
7345,30
7346,30
7347,30
7348,30
7349,30
7350,30
7351,30
7352,30
7353,30
7354,30
7355,30
7356,30
7357,30
7358,30
7359,30
7360,30
7361,30
7362,30
7363,30
7364,30
7365,30
7366,30
7367,30
7368,30
7369,30
7370,30
7371,30
7372,30
7373,30
7374,30
7375,30
7376,30
7377,30
7378,30
7379,30
7380,30
7381,30
7382,30
7383,30
7384,30
7385,30
7386,30
7387,30
7388,30
7389,30
7390,30
7391,30
7392,30
7393,30
7394,30
7395,30
7396,30
7397,30
7398,30
7399,30
7400,30
7401,30
7402,30
7403,30
7404,30
7405,30
7406,30
7407,30
7408,30
7409,30
7410,30
7411,30
7412,30
7413,30
7414,30
7415,30
7416,30
7417,30
7418,30
7419,30
7420,30
7421,30
7422,30
7423,30
7424,30
7425,30
7426,30
7427,30
7428,30
7429,30
7430,30
7431,30
7432,30
7433,30
7434,30
7435,30
7436,30
7437,30
7438,30
7439,30
7440,30
7441,30
7442,30
7443,30
7444,30
7445,30
7446,30
7447,30
7448,30
7449,30
7450,30
7451,30
7452,30
7453,30
7454,30
7455,30
7456,30
7457,30
7458,30
7459,30
7460,30
7461,30
7462,30
7463,30
7464,30
7465,30
7466,30
7467,30
7468,30
7469,30
7470,30
7471,30
7472,30
7473,30
7474,30
7475,30
7476,30
7477,30
7478,30
7479,30
7480,30
7481,30
7482,30
7483,30
7484,30
7485,30
7486,30
7487,30
7488,30
7489,30
7490,30
7491,30
7492,30
7493,30
7494,30
7495,30
7496,30
7497,30
7498,30
7499,30
7500,30
7501,30
7502,30
7503,30
7504,30
7505,30
7506,30
7507,30
7508,30
7509,30
7510,30
7511,30
7512,30
7513,30
7514,30
7515,30
7516,30
7517,30
7518,30
7519,30
7520,30
7521,30
7522,30
7523,30
7524,30
7525,30
7526,30
7527,30
7528,30
7529,30
7530,30
7531,30
7532,30
7533,30
7534,30
7535,30
7536,30
7537,30
7538,30
7539,30
7540,30
7541,30
7542,30
7543,30
7544,30
7545,30
7546,30
7547,30
7548,30
7549,30
7550,30
7551,30
7552,30
7553,30
7554,30
7555,30
7556,30
7557,30
7558,30
7559,30
7560,30
7561,30
7562,30
7563,30
7564,30
7565,30
7566,30
7567,30
7568,30
7569,30
7570,30
7571,30
7572,30
7573,30
7574,30
7575,30
7576,30
7577,30
7578,30
7579,30
7580,30
7581,30
7582,30
7583,30
7584,30
7585,30
7586,30
7587,30
7588,30
7589,30
7590,30
7591,30
7592,30
7593,30
7594,30
7595,30
7596,30
7597,30
7598,30
7599,30
7600,30
7601,30
7602,30
7603,30
7604,30
7605,30
7606,30
7607,30
7608,30
7609,30
7610,30
7611,30
7612,30
7613,30
7614,30
7615,30
7616,30
7617,30
7618,30
7619,30
7620,30
7621,30
7622,30
7623,30
7624,30
7625,30
7626,30
7627,30
7628,30
7629,30
7630,30
7631,30
7632,30
7633,30
7634,30
7635,30
7636,30
7637,30
7638,30
7639,30
7640,30
7641,30
7642,30
7643,30
7644,30
7645,30
7646,30
7647,30
7648,30
7649,30
7650,30
7651,30
7652,30
7653,30
7654,30
7655,30
7656,30
7657,30
7658,30
7659,30
7660,30
7661,30
7662,30
7663,30
7664,30
7665,30
7666,30
7667,30
7668,30
7669,30
7670,30
7671,30
7672,30
7673,30
7674,30
7675,30
7676,30
7677,30
7678,30
7679,30
7680,30
7681,30
7682,30
7683,30
7684,30
7685,30
7686,30
7687,30
7688,30
7689,30
7690,30
7691,30
7692,30
7693,30
7694,30
7695,30
7696,30
7697,30
7698,30
7699,30
7700,30
7701,30
7702,30
7703,30
7704,30
7705,30
7706,30
7707,30
7708,30
7709,30
7710,30
7711,30
7712,30
7713,30
7714,30
7715,30
7716,30
7717,30
7718,30
7719,30
7720,30
7721,30
7722,30
7723,30
7724,30
7725,30
7726,30
7727,30
7728,30
7729,30
7730,30
7731,30
7732,30
7733,30
7734,30
7735,30
7736,30
7737,30
7738,30
7739,30
7740,30
7741,30
7742,30
7743,30
7744,30
7745,30
7746,30
7747,30
7748,30
7749,30
7750,30
7751,30
7752,30
7753,30
7754,30
7755,30
7756,30
7757,30
7758,30
7759,30
7760,30
7761,30
7762,30
7763,30
7764,30
7765,30
7766,30
7767,30
7768,30
7769,30
7770,30
7771,30
7772,30
7773,30
7774,30
7775,30
7776,30
7777,30
7778,30
7779,30
7780,30
7781,30
7782,30
7783,30
7784,30
7785,30
7786,30
7787,30
7788,30
7789,30
7790,30
7791,30
7792,30
7793,30
7794,30
7795,30
7796,30
7797,30
7798,30
7799,30
7800,30
7801,30
7802,30
7803,30
7804,30
7805,30
7806,30
7807,30
7808,30
7809,30
7810,30
7811,30
7812,30
7813,30
7814,30
7815,30
7816,30
7817,30
7818,30
7819,30
7820,30
7821,30
7822,30
7823,30
7824,30
7825,30
7826,30
7827,30
7828,30
7829,30
7830,30
7831,30
7832,30
7833,30
7834,30
7835,30
7836,30
7837,30
7838,30
7839,30
7840,30
7841,30
7842,30
7843,30
7844,30
7845,30
7846,30
7847,30
7848,30
7849,30
7850,30
7851,30
7852,30
7853,30
7854,30
7855,30
7856,30
7857,30
7858,30
7859,30
7860,30
7861,30
7862,30
7863,30
7864,30
7865,30
7866,30
7867,30
7868,30
7869,30
7870,30
7871,30
7872,30
7873,30
7874,30
7875,30
7876,30
7877,30
7878,30
7879,30
7880,30
7881,30
7882,30
7883,30
7884,30
7885,30
7886,30
7887,30
7888,30
7889,30
7890,30
7891,30
7892,30
7893,30
7894,30
7895,30
7896,30
7897,30
7898,30
7899,30
7900,30
7901,30
7902,30
7903,30
7904,30
7905,30
7906,30
7907,30
7908,30
7909,30
7910,30
7911,30
7912,30
7913,30
7914,30
7915,30
7916,30
7917,30
7918,30
7919,30
7920,30
7921,30
7922,30
7923,30
7924,30
7925,30
7926,30
7927,30
7928,30
7929,30
7930,30
7931,30
7932,30
7933,30
7934,30
7935,30
7936,30
7937,30
7938,30
7939,30
7940,30
7941,30
7942,30
7943,30
7944,30
7945,30
7946,30
7947,30
7948,30
7949,30
7950,30
7951,30
7952,30
7953,30
7954,30
7955,30
7956,30
7957,30
7958,30
7959,30
7960,30
7961,30
7962,30
7963,30
7964,30
7965,30
7966,30
7967,30
7968,30
7969,30
7970,30
7971,30
7972,30
7973,30
7974,30
7975,30
7976,30
7977,30
7978,30
7979,30
7980,30
7981,30
7982,30
7983,30
7984,30
7985,30
7986,30
7987,30
7988,30
7989,30
7990,30
7991,30
7992,30
7993,30
7994,30
7995,30
7996,30
7997,30
7998,30
7999,30
8000,25
8001,25
8002,25
8003,25
8004,25
8005,25
8006,25
8007,25
8008,25
8009,25
8010,25
8011,25
8012,25
8013,25
8014,25
8015,25
8016,25
8017,25
8018,25
8019,25
8020,25
8021,25
8022,25
8023,25
8024,25
8025,25
8026,25
8027,25
8028,25
8029,25
8030,25
8031,25
8032,25
8033,25
8034,25
8035,25
8036,25
8037,25
8038,25
8039,25
8040,25
8041,25
8042,25
8043,25
8044,25
8045,25
8046,25
8047,25
8048,25
8049,25
8050,25
8051,25
8052,25
8053,25
8054,25
8055,25
8056,25
8057,25
8058,25
8059,25
8060,25
8061,25
8062,25
8063,25
8064,25
8065,25
8066,25
8067,25
8068,25
8069,25
8070,25
8071,25
8072,25
8073,25
8074,25
8075,25
8076,25
8077,25
8078,25
8079,25
8080,25
8081,25
8082,25
8083,25
8084,25
8085,25
8086,25
8087,25
8088,25
8089,25
8090,25
8091,25
8092,25
8093,25
8094,25
8095,25
8096,25
8097,25
8098,25
8099,25
8100,25
8101,25
8102,25
8103,25
8104,25
8105,25
8106,25
8107,25
8108,25
8109,25
8110,25
8111,25
8112,25
8113,25
8114,25
8115,25
8116,25
8117,25
8118,25
8119,25
8120,25
8121,25
8122,25
8123,25
8124,25
8125,25
8126,25
8127,25
8128,25
8129,25
8130,25
8131,25
8132,25
8133,25
8134,25
8135,25
8136,25
8137,25
8138,25
8139,25
8140,25
8141,25
8142,25
8143,25
8144,25
8145,25
8146,25
8147,25
8148,25
8149,25
8150,25
8151,25
8152,25
8153,25
8154,25
8155,25
8156,25
8157,25
8158,25
8159,25
8160,25
8161,25
8162,25
8163,25
8164,25
8165,25
8166,25
8167,25
8168,25
8169,25
8170,25
8171,25
8172,25
8173,25
8174,25
8175,25
8176,25
8177,25
8178,25
8179,25
8180,25
8181,25
8182,25
8183,25
8184,25
8185,25
8186,25
8187,25
8188,25
8189,25
8190,25
8191,25
8192,25
8193,25
8194,25
8195,25
8196,25
8197,25
8198,25
8199,25
8200,25
8201,25
8202,25
8203,25
8204,25
8205,25
8206,25
8207,25
8208,25
8209,25
8210,25
8211,25
8212,25
8213,25
8214,25
8215,25
8216,25
8217,25
8218,25
8219,25
8220,25
8221,25
8222,25
8223,25
8224,25
8225,25
8226,25
8227,25
8228,25
8229,25
8230,25
8231,25
8232,25
8233,25
8234,25
8235,25
8236,25
8237,25
8238,25
8239,25
8240,25
8241,25
8242,25
8243,25
8244,25
8245,25
8246,25
8247,25
8248,25
8249,25
8250,25
8251,25
8252,25
8253,25
8254,25
8255,25
8256,25
8257,25
8258,25
8259,25
8260,25
8261,25
8262,25
8263,25
8264,25
8265,25
8266,25
8267,25
8268,25
8269,25
8270,25
8271,25
8272,25
8273,25
8274,25
8275,25
8276,25
8277,25
8278,25
8279,25
8280,25
8281,25
8282,25
8283,25
8284,25
8285,25
8286,25
8287,25
8288,25
8289,25
8290,25
8291,25
8292,25
8293,25
8294,25
8295,25
8296,25
8297,25
8298,25
8299,25
8300,25
8301,25
8302,25
8303,25
8304,25
8305,25
8306,25
8307,25
8308,25
8309,25
8310,25
8311,25
8312,25
8313,25
8314,25
8315,25
8316,25
8317,25
8318,25
8319,25
8320,25
8321,25
8322,25
8323,25
8324,25
8325,25
8326,25
8327,25
8328,25
8329,25
8330,25
8331,25
8332,25
8333,25
8334,25
8335,25
8336,25
8337,25
8338,25
8339,25
8340,25
8341,25
8342,25
8343,25
8344,25
8345,25
8346,25
8347,25
8348,25
8349,25
8350,25
8351,25
8352,25
8353,25
8354,25
8355,25
8356,25
8357,25
8358,25
8359,25
8360,25
8361,25
8362,25
8363,25
8364,25
8365,25
8366,25
8367,25
8368,25
8369,25
8370,25
8371,25
8372,25
8373,25
8374,25
8375,25
8376,25
8377,25
8378,25
8379,25
8380,25
8381,25
8382,25
8383,25
8384,25
8385,25
8386,25
8387,25
8388,25
8389,25
8390,25
8391,25
8392,25
8393,25
8394,25
8395,25
8396,25
8397,25
8398,25
8399,25
8400,25
8401,25
8402,25
8403,25
8404,25
8405,25
8406,25
8407,25
8408,25
8409,25
8410,25
8411,25
8412,25
8413,25
8414,25
8415,25
8416,25
8417,25
8418,25
8419,25
8420,25
8421,25
8422,25
8423,25
8424,25
8425,25
8426,25
8427,25
8428,25
8429,25
8430,25
8431,25
8432,25
8433,25
8434,25
8435,25
8436,25
8437,25
8438,25
8439,25
8440,25
8441,25
8442,25
8443,25
8444,25
8445,25
8446,25
8447,25
8448,25
8449,25
8450,25
8451,25
8452,25
8453,25
8454,25
8455,25
8456,25
8457,25
8458,25
8459,25
8460,25
8461,25
8462,25
8463,25
8464,25
8465,25
8466,25
8467,25
8468,25
8469,25
8470,25
8471,25
8472,25
8473,25
8474,25
8475,25
8476,25
8477,25
8478,25
8479,25
8480,25
8481,25
8482,25
8483,25
8484,25
8485,25
8486,25
8487,25
8488,25
8489,25
8490,25
8491,25
8492,25
8493,25
8494,25
8495,25
8496,25
8497,25
8498,25
8499,25
8500,25
8501,25
8502,25
8503,25
8504,25
8505,25
8506,25
8507,25
8508,25
8509,25
8510,25
8511,25
8512,25
8513,25
8514,25
8515,25
8516,25
8517,25
8518,25
8519,25
8520,25
8521,25
8522,25
8523,25
8524,25
8525,25
8526,25
8527,25
8528,25
8529,25
8530,25
8531,25
8532,25
8533,25
8534,25
8535,25
8536,25
8537,25
8538,25
8539,25
8540,25
8541,25
8542,25
8543,25
8544,25
8545,25
8546,25
8547,25
8548,25
8549,25
8550,25
8551,25
8552,25
8553,25
8554,25
8555,25
8556,25
8557,25
8558,25
8559,25
8560,25
8561,25
8562,25
8563,25
8564,25
8565,25
8566,25
8567,25
8568,25
8569,25
8570,25
8571,25
8572,25
8573,25
8574,25
8575,25
8576,25
8577,25
8578,25
8579,25
8580,25
8581,25
8582,25
8583,25
8584,25
8585,25
8586,25
8587,25
8588,25
8589,25
8590,25
8591,25
8592,25
8593,25
8594,25
8595,25
8596,25
8597,25
8598,25
8599,25
8600,25
8601,25
8602,25
8603,25
8604,25
8605,25
8606,25
8607,25
8608,25
8609,25
8610,25
8611,25
8612,25
8613,25
8614,25
8615,25
8616,25
8617,25
8618,25
8619,25
8620,25
8621,25
8622,25
8623,25
8624,25
8625,25
8626,25
8627,25
8628,25
8629,25
8630,25
8631,25
8632,25
8633,25
8634,25
8635,25
8636,25
8637,25
8638,25
8639,25
8640,25
8641,25
8642,25
8643,25
8644,25
8645,25
8646,25
8647,25
8648,25
8649,25
8650,25
8651,25
8652,25
8653,25
8654,25
8655,25
8656,25
8657,25
8658,25
8659,25
8660,25
8661,25
8662,25
8663,25
8664,25
8665,25
8666,25
8667,25
8668,25
8669,25
8670,25
8671,25
8672,25
8673,25
8674,25
8675,25
8676,25
8677,25
8678,25
8679,25
8680,25
8681,25
8682,25
8683,25
8684,25
8685,25
8686,25
8687,25
8688,25
8689,25
8690,25
8691,25
8692,25
8693,25
8694,25
8695,25
8696,25
8697,25
8698,25
8699,25
8700,25
8701,25
8702,25
8703,25
8704,25
8705,25
8706,25
8707,25
8708,25
8709,25
8710,25
8711,25
8712,25
8713,25
8714,25
8715,25
8716,25
8717,25
8718,25
8719,25
8720,25
8721,25
8722,25
8723,25
8724,25
8725,25
8726,25
8727,25
8728,25
8729,25
8730,25
8731,25
8732,25
8733,25
8734,25
8735,25
8736,25
8737,25
8738,25
8739,25
8740,25
8741,25
8742,25
8743,25
8744,25
8745,25
8746,25
8747,25
8748,25
8749,25
8750,25
8751,25
8752,25
8753,25
8754,25
8755,25
8756,25
8757,25
8758,25
8759,25
8760,25
8761,25
8762,25
8763,25
8764,25
8765,25
8766,25
8767,25
8768,25
8769,25
8770,25
8771,25
8772,25
8773,25
8774,25
8775,25
8776,25
8777,25
8778,25
8779,25
8780,25
8781,25
8782,25
8783,25
8784,25
8785,25
8786,25
8787,25
8788,25
8789,25
8790,25
8791,25
8792,25
8793,25
8794,25
8795,25
8796,25
8797,25
8798,25
8799,25
8800,25
8801,25
8802,25
8803,25
8804,25
8805,25
8806,25
8807,25
8808,25
8809,25
8810,25
8811,25
8812,25
8813,25
8814,25
8815,25
8816,25
8817,25
8818,25
8819,25
8820,25
8821,25
8822,25
8823,25
8824,25
8825,25
8826,25
8827,25
8828,25
8829,25
8830,25
8831,25
8832,25
8833,25
8834,25
8835,25
8836,25
8837,25
8838,25
8839,25
8840,25
8841,25
8842,25
8843,25
8844,25
8845,25
8846,25
8847,25
8848,25
8849,25
8850,25
8851,25
8852,25
8853,25
8854,25
8855,25
8856,25
8857,25
8858,25
8859,25
8860,25
8861,25
8862,25
8863,25
8864,25
8865,25
8866,25
8867,25
8868,25
8869,25
8870,25
8871,25
8872,25
8873,25
8874,25
8875,25
8876,25
8877,25
8878,25
8879,25
8880,25
8881,25
8882,25
8883,25
8884,25
8885,25
8886,25
8887,25
8888,25
8889,25
8890,25
8891,25
8892,25
8893,25
8894,25
8895,25
8896,25
8897,25
8898,25
8899,25
8900,25
8901,25
8902,25
8903,25
8904,25
8905,25
8906,25
8907,25
8908,25
8909,25
8910,25
8911,25
8912,25
8913,25
8914,25
8915,25
8916,25
8917,25
8918,25
8919,25
8920,25
8921,25
8922,25
8923,25
8924,25
8925,25
8926,25
8927,25
8928,25
8929,25
8930,25
8931,25
8932,25
8933,25
8934,25
8935,25
8936,25
8937,25
8938,25
8939,25
8940,25
8941,25
8942,25
8943,25
8944,25
8945,25
8946,25
8947,25
8948,25
8949,25
8950,25
8951,25
8952,25
8953,25
8954,25
8955,25
8956,25
8957,25
8958,25
8959,25
8960,25
8961,25
8962,25
8963,25
8964,25
8965,25
8966,25
8967,25
8968,25
8969,25
8970,25
8971,25
8972,25
8973,25
8974,25
8975,25
8976,25
8977,25
8978,25
8979,25
8980,25
8981,25
8982,25
8983,25
8984,25
8985,25
8986,25
8987,25
8988,25
8989,25
8990,25
8991,25
8992,25
8993,25
8994,25
8995,25
8996,25
8997,25
8998,25
8999,25
9000,16
9001,16
9002,16
9003,16
9004,16
9005,16
9006,16
9007,16
9008,16
9009,16
9010,16
9011,16
9012,16
9013,16
9014,16
9015,16
9016,16
9017,16
9018,16
9019,16
9020,16
9021,16
9022,16
9023,16
9024,16
9025,16
9026,16
9027,16
9028,16
9029,16
9030,16
9031,16
9032,16
9033,16
9034,16
9035,16
9036,16
9037,16
9038,16
9039,16
9040,16
9041,16
9042,16
9043,16
9044,16
9045,16
9046,16
9047,16
9048,16
9049,16
9050,16
9051,16
9052,16
9053,16
9054,16
9055,16
9056,16
9057,16
9058,16
9059,16
9060,16
9061,16
9062,16
9063,16
9064,16
9065,16
9066,16
9067,16
9068,16
9069,16
9070,16
9071,16
9072,16
9073,16
9074,16
9075,16
9076,16
9077,16
9078,16
9079,16
9080,16
9081,16
9082,16
9083,16
9084,16
9085,16
9086,16
9087,16
9088,16
9089,16
9090,16
9091,16
9092,16
9093,16
9094,16
9095,16
9096,16
9097,16
9098,16
9099,16
9100,16
9101,16
9102,16
9103,16
9104,16
9105,16
9106,16
9107,16
9108,16
9109,16
9110,16
9111,16
9112,16
9113,16
9114,16
9115,16
9116,16
9117,16
9118,16
9119,16
9120,16
9121,16
9122,16
9123,16
9124,16
9125,16
9126,16
9127,16
9128,16
9129,16
9130,16
9131,16
9132,16
9133,16
9134,16
9135,16
9136,16
9137,16
9138,16
9139,16
9140,16
9141,16
9142,16
9143,16
9144,16
9145,16
9146,16
9147,16
9148,16
9149,16
9150,16
9151,16
9152,16
9153,16
9154,16
9155,16
9156,16
9157,16
9158,16
9159,16
9160,16
9161,16
9162,16
9163,16
9164,16
9165,16
9166,16
9167,16
9168,16
9169,16
9170,16
9171,16
9172,16
9173,16
9174,16
9175,16
9176,16
9177,16
9178,16
9179,16
9180,16
9181,16
9182,16
9183,16
9184,16
9185,16
9186,16
9187,16
9188,16
9189,16
9190,16
9191,16
9192,16
9193,16
9194,16
9195,16
9196,16
9197,16
9198,16
9199,16
9200,16
9201,16
9202,16
9203,16
9204,16
9205,16
9206,16
9207,16
9208,16
9209,16
9210,16
9211,16
9212,16
9213,16
9214,16
9215,16
9216,16
9217,16
9218,16
9219,16
9220,16
9221,16
9222,16
9223,16
9224,16
9225,16
9226,16
9227,16
9228,16
9229,16
9230,16
9231,16
9232,16
9233,16
9234,16
9235,16
9236,16
9237,16
9238,16
9239,16
9240,16
9241,16
9242,16
9243,16
9244,16
9245,16
9246,16
9247,16
9248,16
9249,16
9250,16
9251,16
9252,16
9253,16
9254,16
9255,16
9256,16
9257,16
9258,16
9259,16
9260,16
9261,16
9262,16
9263,16
9264,16
9265,16
9266,16
9267,16
9268,16
9269,16
9270,16
9271,16
9272,16
9273,16
9274,16
9275,16
9276,16
9277,16
9278,16
9279,16
9280,16
9281,16
9282,16
9283,16
9284,16
9285,16
9286,16
9287,16
9288,16
9289,16
9290,16
9291,16
9292,16
9293,16
9294,16
9295,16
9296,16
9297,16
9298,16
9299,16
9300,18
9301,18
9302,18
9303,18
9304,18
9305,18
9306,18
9307,18
9308,18
9309,18
9310,18
9311,18
9312,18
9313,18
9314,18
9315,18
9316,18
9317,18
9318,18
9319,18
9320,18
9321,18
9322,18
9323,18
9324,18
9325,18
9326,18
9327,18
9328,18
9329,18
9330,18
9331,18
9332,18
9333,18
9334,18
9335,18
9336,18
9337,18
9338,18
9339,18
9340,18
9341,18
9342,18
9343,18
9344,18
9345,18
9346,18
9347,18
9348,18
9349,18
9350,18
9351,18
9352,18
9353,18
9354,18
9355,18
9356,18
9357,18
9358,18
9359,18
9360,18
9361,18
9362,18
9363,18
9364,18
9365,18
9366,18
9367,18
9368,18
9369,18
9370,18
9371,18
9372,18
9373,18
9374,18
9375,18
9376,18
9377,18
9378,18
9379,18
9380,18
9381,18
9382,18
9383,18
9384,18
9385,18
9386,18
9387,18
9388,18
9389,18
9390,18
9391,18
9392,18
9393,18
9394,18
9395,18
9396,18
9397,18
9398,18
9399,18
9400,16
9401,16
9402,16
9403,16
9404,16
9405,16
9406,16
9407,16
9408,16
9409,16
9410,16
9411,16
9412,16
9413,16
9414,16
9415,16
9416,16
9417,16
9418,16
9419,16
9420,16
9421,16
9422,16
9423,16
9424,16
9425,16
9426,16
9427,16
9428,16
9429,16
9430,16
9431,16
9432,16
9433,16
9434,16
9435,16
9436,16
9437,16
9438,16
9439,16
9440,16
9441,16
9442,16
9443,16
9444,16
9445,16
9446,16
9447,16
9448,16
9449,16
9450,16
9451,16
9452,16
9453,16
9454,16
9455,16
9456,16
9457,16
9458,16
9459,16
9460,16
9461,16
9462,16
9463,16
9464,16
9465,16
9466,16
9467,16
9468,16
9469,16
9470,16
9471,16
9472,16
9473,16
9474,16
9475,16
9476,16
9477,16
9478,16
9479,16
9480,16
9481,16
9482,16
9483,16
9484,16
9485,16
9486,16
9487,16
9488,16
9489,16
9490,16
9491,16
9492,16
9493,16
9494,16
9495,16
9496,16
9497,16
9498,16
9499,16
9500,16
9501,16
9502,16
9503,16
9504,16
9505,16
9506,16
9507,16
9508,16
9509,16
9510,16
9511,16
9512,16
9513,16
9514,16
9515,16
9516,16
9517,16
9518,16
9519,16
9520,16
9521,16
9522,16
9523,16
9524,16
9525,16
9526,16
9527,16
9528,16
9529,16
9530,16
9531,16
9532,16
9533,16
9534,16
9535,16
9536,16
9537,16
9538,16
9539,16
9540,16
9541,16
9542,16
9543,16
9544,16
9545,16
9546,16
9547,16
9548,16
9549,16
9550,16
9551,16
9552,16
9553,16
9554,16
9555,16
9556,16
9557,16
9558,16
9559,16
9560,16
9561,16
9562,16
9563,16
9564,16
9565,16
9566,16
9567,16
9568,16
9569,16
9570,16
9571,16
9572,16
9573,16
9574,16
9575,16
9576,16
9577,16
9578,16
9579,16
9580,16
9581,16
9582,16
9583,16
9584,16
9585,16
9586,16
9587,16
9588,16
9589,16
9590,16
9591,16
9592,16
9593,16
9594,16
9595,16
9596,16
9597,16
9598,16
9599,16
9600,16
9601,16
9602,16
9603,16
9604,16
9605,16
9606,16
9607,16
9608,16
9609,16
9610,16
9611,16
9612,16
9613,16
9614,16
9615,16
9616,16
9617,16
9618,16
9619,16
9620,16
9621,16
9622,16
9623,16
9624,16
9625,16
9626,16
9627,16
9628,16
9629,16
9630,16
9631,16
9632,16
9633,16
9634,16
9635,16
9636,16
9637,16
9638,16
9639,16
9640,16
9641,16
9642,16
9643,16
9644,16
9645,16
9646,16
9647,16
9648,16
9649,16
9650,16
9651,16
9652,16
9653,16
9654,16
9655,16
9656,16
9657,16
9658,16
9659,16
9660,16
9661,16
9662,16
9663,16
9664,16
9665,16
9666,16
9667,16
9668,16
9669,16
9670,16
9671,16
9672,16
9673,16
9674,16
9675,16
9676,16
9677,16
9678,16
9679,16
9680,16
9681,16
9682,16
9683,16
9684,16
9685,16
9686,16
9687,16
9688,16
9689,16
9690,16
9691,16
9692,16
9693,16
9694,16
9695,16
9696,16
9697,16
9698,16
9699,16
9700,16
9701,16
9702,16
9703,16
9704,16
9705,16
9706,16
9707,16
9708,16
9709,16
9710,16
9711,16
9712,16
9713,16
9714,16
9715,16
9716,16
9717,16
9718,16
9719,16
9720,16
9721,16
9722,16
9723,16
9724,16
9725,16
9726,16
9727,16
9728,16
9729,16
9730,16
9731,16
9732,16
9733,16
9734,16
9735,16
9736,16
9737,16
9738,16
9739,16
9740,16
9741,16
9742,16
9743,16
9744,16
9745,16
9746,16
9747,16
9748,16
9749,16
9750,16
9751,16
9752,16
9753,16
9754,16
9755,16
9756,16
9757,16
9758,16
9759,16
9760,16
9761,16
9762,16
9763,16
9764,16
9765,16
9766,16
9767,16
9768,16
9769,16
9770,16
9771,16
9772,16
9773,16
9774,16
9775,16
9776,16
9777,16
9778,16
9779,16
9780,16
9781,16
9782,16
9783,16
9784,16
9785,16
9786,16
9787,16
9788,16
9789,16
9790,16
9791,16
9792,16
9793,16
9794,16
9795,16
9796,16
9797,16
9798,16
9799,16
9800,16
9801,16
9802,16
9803,16
9804,16
9805,16
9806,16
9807,16
9808,16
9809,16
9810,16
9811,16
9812,16
9813,16
9814,16
9815,16
9816,16
9817,16
9818,16
9819,16
9820,16
9821,16
9822,16
9823,16
9824,16
9825,16
9826,16
9827,16
9828,16
9829,16
9830,16
9831,16
9832,16
9833,16
9834,16
9835,16
9836,16
9837,16
9838,16
9839,16
9840,16
9841,16
9842,16
9843,16
9844,16
9845,16
9846,16
9847,16
9848,16
9849,16
9850,16
9851,16
9852,16
9853,16
9854,16
9855,16
9856,16
9857,16
9858,16
9859,16
9860,16
9861,16
9862,16
9863,16
9864,16
9865,16
9866,16
9867,16
9868,16
9869,16
9870,16
9871,16
9872,16
9873,16
9874,16
9875,16
9876,16
9877,16
9878,16
9879,16
9880,16
9881,16
9882,16
9883,16
9884,16
9885,16
9886,16
9887,16
9888,16
9889,16
9890,16
9891,16
9892,16
9893,16
9894,16
9895,16
9896,16
9897,16
9898,16
9899,16
9900,16
9901,16
9902,16
9903,16
9904,16
9905,16
9906,16
9907,16
9908,16
9909,16
9910,16
9911,16
9912,16
9913,16
9914,16
9915,16
9916,16
9917,16
9918,16
9919,16
9920,16
9921,16
9922,16
9923,16
9924,16
9925,16
9926,16
9927,16
9928,16
9929,16
9930,16
9931,16
9932,16
9933,16
9934,16
9935,16
9936,16
9937,16
9938,16
9939,16
9940,16
9941,16
9942,16
9943,16
9944,16
9945,16
9946,16
9947,16
9948,16
9949,16
9950,16
9951,16
9952,16
9953,16
9954,16
9955,16
9956,16
9957,16
9958,16
9959,16
9960,16
9961,16
9962,16
9963,16
9964,16
9965,16
9966,16
9967,16
9968,16
9969,16
9970,16
9971,16
9972,16
9973,16
9974,16
9975,16
9976,16
9977,16
9978,16
9979,16
9980,16
9981,16
9982,16
9983,16
9984,16
9985,16
9986,16
9987,16
9988,16
9989,16
9990,16
9991,16
9992,16
9993,16
9994,16
9995,16
9996,16
9997,16
9998,16
9999,16
