"version","model","N","residual_df","R2","adjusted_R2","residual_SE","RSS","F","model_df","denominator_df"
"historical_common","Model1",1646,1641,0.0846397582675521,0.0824085328154315,15.6555593956372,402203.422124121,37.9342025643852,4,1641
"historical_common","Model2",1646,1640,0.0858557713229204,0.0830687462354904,15.6499262404378,401669.113783077,30.8055251135493,5,1640
"historical_common","Model3",1646,1639,0.0931473209433446,0.0898275429846259,15.5921409315988,398465.253623746,28.0582985071977,6,1639
"historical_common","Model4",1646,1637,0.0948072008125118,0.090383534109091,15.587377869272,397735.913050214,21.4318137347909,8,1637
"historical_common","Model5",1646,1637,0.0910290669809222,0.0865869365813176,15.6198736408693,399396.000835359,20.4922095463533,8,1637
"historical_common","Model6",1646,1631,0.094904991999208,0.0871359361365402,15.6151788357797,397692.944229688,12.2157690299603,14,1631
"historical_common","Model7",1646,1639,0.0934844575817509,0.0901659138023064,15.589242351292,398317.11794611,28.1703252374752,6,1639
"syntax_common","Model1",1646,1641,0.0953912850543847,0.0931862668582955,17.1017938664672,479945.491013313,43.2609967679939,4,1641
"syntax_common","Model2",1646,1640,0.0965072862221854,0.0937527352655458,17.0964514576748,479353.390009196,35.0355784813349,5,1640
"syntax_common","Model3",1646,1639,0.106022845884647,0.10275020224542,17.0113706667921,474304.853687346,32.3966974631273,6,1639
"syntax_common","Model4",1646,1637,0.107182789826239,0.10281960248269,17.0107127585966,473689.438585325,24.5652504435099,8,1637
"syntax_common","Model5",1646,1637,0.103716608010476,0.0993364814766233,17.0437010938147,475528.441798564,23.6789068098582,8,1637
"syntax_common","Model6",1646,1631,0.106822337861164,0.0991555768127621,17.045412682074,473880.678502105,13.9331768900544,14,1631
"syntax_common","Model7",1646,1639,0.10635577397076,0.103084349104271,17.0082027500027,474128.216726943,32.5105354123278,6,1639
"overview_common","Model1",1646,1641,0.11642513987532,0.114271392501463,13.3560125640117,292726.620512072,54.057008397806,4,1641
"overview_common","Model2",1646,1640,0.117623557031513,0.114933384949292,13.3510204975708,292329.587255549,43.7234323442995,5,1640
"overview_common","Model3",1646,1639,0.126054708962453,0.122855397341815,13.291135350707,289536.363134823,39.4005723447861,6,1639
"overview_common","Model4",1646,1637,0.126668278587194,0.12240031660106,13.2945827614185,289333.088719937,29.678867571619,8,1637
"overview_common","Model5",1646,1637,0.123331144986543,0.119046874467235,13.3199588564433,290438.674545431,28.78696488252,8,1637
"overview_common","Model6",1646,1631,0.126930390998104,0.119436231264182,13.3170150053274,289246.251391599,16.9372411991116,14,1631
"overview_common","Model7",1646,1639,0.126818761833595,0.12362224723384,13.2853241456184,289283.233915155,39.6740755832354,6,1639
"syntax_full","Model1",1650,1645,0.0955177487405133,0.0933183998012803,17.0847148056973,480154.904586859,43.4300110531042,4,1645
"syntax_full","Model2",1650,1644,0.096679347369338,0.0939320217834785,17.0789325493229,479538.256467986,35.1903494318041,5,1644
"syntax_full","Model3",1650,1643,0.106070053428817,0.102805549667754,16.9950959795957,474553.091125368,32.491937884693,6,1643
"syntax_full","Model4",1650,1641,0.107193735559003,0.102841237012064,16.9947579726715,473956.571420029,24.6280922102487,8,1641
"syntax_full","Model5",1650,1641,0.103800243890597,0.0994312018132812,17.0270252597766,475758.045872393,23.7581241044876,8,1641
"syntax_full","Model6",1650,1635,0.106914462846405,0.09926724723775,17.028575131178,474104.826582013,13.9808354200718,14,1635
"syntax_full","Model7",1650,1643,0.106403245353151,0.103139958361136,16.9919284179162,474376.212323806,32.6061561896035,6,1643
"overview_full","Model1",1650,1645,0.11670810070596,0.114560278458436,13.3465310335753,293023.670086661,54.3378768147726,4,1645
"overview_full","Model2",1650,1644,0.117972276187717,0.115289710117728,13.3410324163987,292604.291917798,43.9773981739111,5,1644
"overview_full","Model3",1650,1643,0.126218514885833,0.123027590411892,13.2825624139736,289868.680813854,39.5554692430393,6,1643
"overview_full","Model4",1650,1641,0.126821747807682,0.12256493731558,13.2860656076236,289668.564040658,29.7926694277322,8,1641
"overview_full","Model5",1650,1641,0.123558108473514,0.119285387491057,13.3108718168359,290751.245288273,28.9178977473187,8,1641
"overview_full","Model6",1650,1635,0.127149805281967,0.119675858660529,13.30792075424,289559.734099852,17.0124047872166,14,1635
"overview_full","Model7",1650,1643,0.126976722836064,0.123788567228648,13.2767983126157,289617.152551857,39.8276428354761,6,1643
