"population","old_mapping","new_mapping","old_state","new_state","n"
"Stage 3 occupation-valid","historical","syntax_primary","missing","missing",0
"Stage 3 occupation-valid","historical","syntax_primary","mapped","missing",0
"Stage 3 occupation-valid","historical","syntax_primary","missing","mapped",4
"Stage 3 occupation-valid","historical","syntax_primary","mapped","mapped",1670
"Pre-ISEI core","historical","syntax_primary","missing","missing",0
"Pre-ISEI core","historical","syntax_primary","mapped","missing",0
"Pre-ISEI core","historical","syntax_primary","missing","mapped",4
"Pre-ISEI core","historical","syntax_primary","mapped","mapped",1646
"Stage 3 occupation-valid","syntax_primary","overview_sensitivity","missing","missing",0
"Stage 3 occupation-valid","syntax_primary","overview_sensitivity","mapped","missing",0
"Stage 3 occupation-valid","syntax_primary","overview_sensitivity","missing","mapped",0
"Stage 3 occupation-valid","syntax_primary","overview_sensitivity","mapped","mapped",1674
"Pre-ISEI core","syntax_primary","overview_sensitivity","missing","missing",0
"Pre-ISEI core","syntax_primary","overview_sensitivity","mapped","missing",0
"Pre-ISEI core","syntax_primary","overview_sensitivity","missing","mapped",0
"Pre-ISEI core","syntax_primary","overview_sensitivity","mapped","mapped",1650
