"grouping","edu_lvl","rural_origin","n","mean_historical","mean_syntax","mean_change","sd_change","mean_abs_change"
"education","1",,707,48.049504950495,51.7190240452617,3.66951909476662,6.35032414649596,5.80649222065064
"education","2",,806,53.605459057072,58.5040570719603,4.89859801488834,5.50592411791558,5.98251861042184
"education","3",,133,63.0751879699248,68.124962406015,5.04977443609023,4.98717483426472,5.84706766917293
"rural_origin",,"0",928,51.5711206896552,55.7902693965517,4.21914870689655,5.76119590353596,5.69296336206896
"rural_origin",,"1",718,52.5181058495822,57.1126323119777,4.59452646239554,6.01778776463506,6.1583426183844
"education_by_rural_origin","1","0",361,48.0027700831025,51.4677008310249,3.46493074792244,6.34485054181488,5.6585595567867
"education_by_rural_origin","1","1",346,48.0982658959537,51.9812427745665,3.88297687861272,6.35818537457306,5.96083815028902
"education_by_rural_origin","2","0",480,52.49375,57.1156875,4.6219375,5.4101075470278,5.7149375
"education_by_rural_origin","2","1",326,55.2423312883436,60.548282208589,5.3059509202454,5.62765808791783,6.37650306748466
"education_by_rural_origin","3","0",87,61.2873563218391,66.4137931034483,5.1264367816092,4.70158384421811,5.71448275862069
"education_by_rural_origin","3","1",46,66.4565217391304,71.3613043478261,4.90478260869565,5.53894002660775,6.09782608695652
