"comparison","major_group","n","mean_old","mean_new","mean_change","median_change","mean_abs_change","max_abs_change"
"historical_vs_syntax_primary","0",4,45,45.05,0.0500000000000007,0.0500000000000007,15.87,15.92
"historical_vs_syntax_primary","1",165,66.0060606060606,68.6967878787879,2.69072727272728,1.76,3.62781818181818,9.42
"historical_vs_syntax_primary","2",471,69.9469214437367,76.0002760084926,6.05335456475584,7.31,7.0440127388535,16.98
"historical_vs_syntax_primary","3",316,52.6392405063291,59.4477215189873,6.80848101265823,8.40000000000001,8.89126582278481,24.54
"historical_vs_syntax_primary","4",322,43.1304347826087,45.4815527950311,2.35111801242236,0.48,4.13763975155279,13.77
"historical_vs_syntax_primary","5",241,32.2780082987552,34.6115352697095,2.33352697095436,1.5,3.72597510373444,11.42
"historical_vs_syntax_primary","7",68,30,33.1451470588235,3.14514705882353,1.15,5.43455882352941,13.19
"historical_vs_syntax_primary","8",27,25,27.1044444444444,2.10444444444444,0.949999999999999,3.86074074074074,13.8
"historical_vs_syntax_primary","9",32,16.6875,22.2290625,5.5415625,5.36,6.6015625,14.99
"syntax_primary_vs_overview_sensitivity","0",4,45.05,47.5,2.45,2.45,2.45,4.08
"syntax_primary_vs_overview_sensitivity","1",169,68.6121301775148,64.7455621301775,-3.86656804733728,-5.25,4.12550295857988,8.76
"syntax_primary_vs_overview_sensitivity","2",471,76.0002760084926,64.4416135881104,-11.5586624203822,-11.41,11.9308917197452,28.74
"syntax_primary_vs_overview_sensitivity","3",316,59.4477215189873,52.6582278481013,-6.78949367088608,-8.76,7.20259493670886,16.91
"syntax_primary_vs_overview_sensitivity","4",322,45.4815527950311,42.3074534161491,-3.17409937888199,-2.33,3.32627329192546,9.77
"syntax_primary_vs_overview_sensitivity","5",241,34.6115352697095,37.298755186722,2.68721991701245,2.96,5.64207468879668,22.04
"syntax_primary_vs_overview_sensitivity","7",68,33.1451470588235,37.8823529411765,4.73720588235294,6.47,7.37014705882353,21.7
"syntax_primary_vs_overview_sensitivity","8",27,27.1044444444444,34.1851851851852,7.08074074074074,6.08,7.08074074074074,13.89
"syntax_primary_vs_overview_sensitivity","9",32,22.2290625,22.90625,0.677187500000001,3.01,6.1153125,14.11
