"mapping","edu_lvl","rural_origin","n"
"historical","1","0",361
"historical","2","0",480
"historical","3","0",87
"historical","1","1",346
"historical","2","1",326
"historical","3","1",46
"syntax_primary","1","0",361
"syntax_primary","2","0",484
"syntax_primary","3","0",87
"syntax_primary","1","1",346
"syntax_primary","2","1",326
"syntax_primary","3","1",46
"overview_sensitivity","1","0",361
"overview_sensitivity","2","0",484
"overview_sensitivity","3","0",87
"overview_sensitivity","1","1",346
"overview_sensitivity","2","1",326
"overview_sensitivity","3","1",46
